–ù–∞–∑–≤–∞–Ω–∏–µ —Ç–æ—á–∫–∏,–°—Å—ã–ª–∫–∞,–û—Ç–∑—ã–≤,–û—Ü–µ–Ω–∫–∞
–ú–µ–¥–∏—Ü–∏–Ω—Å–∫–∏–π —Ü–µ–Ω—Ç—Ä –¥–æ–∫—Ç–æ—Ä–∞ –ë–æ–ª–¥—ã—Ä–µ–≤–∞,https://yandex.ru/maps/org/meditsinskiy_tsentr_doktora_boldyreva/112675622896/reviews,"–≠—Ç–æ—Ç –º–µ–¥–∏—Ü–∏–Ω—Å–∫–∏–π —Ü–µ–Ω—Ç—Ä, –ª—É—á—à–µ–µ, —á—Ç–æ –º—ã –≤–∏–¥–µ–ª–∏ –≤ –ø–æ—Å–ª–µ–¥–Ω–µ–µ –≤—Ä–µ–º—è. –°–æ–≤—Ä–µ–º–µ–Ω–Ω–æ–µ, —É—Å–æ–≤–µ—Ä—à–µ–Ω—Å—Ç–≤–æ–≤–∞–Ω–Ω–æ–µ –æ–±–æ—Ä—É–¥–æ–≤–∞–Ω–∏–µ –¥–ª—è –æ–±—Å–ª–µ–¥–æ–≤–∞–Ω–∏–π –∏ –ø—Ä–æ—Ü–µ–¥—É—Ä. –ü—Ä–∏—è—Ç–Ω–æ–µ, –≤–Ω–∏–º–∞—Ç–µ–ª—å–Ω–æ–µ –æ—Ç–Ω–æ—à–µ–Ω–∏–µ –º–µ–¥.–ø–µ—Ä—Å–æ–Ω–∞–ª–∞, (—Å –±–æ–ª—å—à–∏–º –ø–æ–Ω–∏–º–∞–Ω–∏–µ–º –æ—Ç–Ω–µ—Å–ª–∏—Å—å –∫ –Ω–∞—à–µ–º—É, –æ—Å–æ–±–µ–Ω–Ω–æ–º—É, –ø–æ–≤–µ–¥–µ–Ω–∏—é). –î–æ–∫—Ç–æ—Ä –ë–æ–ª–¥—ã—Ä–µ–≤ –í.–ì., –ø–æ–¥–æ–±—Ä–∞–ª –Ω–∞–º –º–µ–¥–∏–∫–∞–º–µ–Ω—Ç–æ–∑–Ω—É—é —Ç–µ—Ä–∞–ø–∏—é, —Å–æ–≤–º–µ—â–∞–µ–º —Å –ø–æ—Å–µ—â–µ–Ω–∏–µ–º –±–∞—Ä–æ–∫–∞–º–µ—Ä—ã –∏ —ç–ª.–º–∞–≥–Ω–∏—Ç–æ–≤. –ë–∞—Ä–æ–∫–∞–º–µ—Ä–∞, –≤ —ç—Ç–æ–º —Ü–µ–Ω—Ç—Ä–µ, –∑–∞—Å–ª—É–∂–∏–≤–∞–µ—Ç –æ—Ç–¥–µ–ª—å–Ω–æ–≥–æ –æ—Ç–∑—ã–≤–∞. –û–≥—Ä–æ–º–Ω—ã–µ —Å—Ç–µ–∫–ª–∞, —É–¥–æ–±–Ω–æ–µ –±–æ–ª—å—à–æ–µ –∫—Ä–µ—Å–ª–æ, –∞–±—Å–æ–ª—é—Ç–Ω–æ –Ω–∏–∫–∞–∫–æ–≥–æ –æ—â—É—â–µ–Ω–∏—è –¥–∏—Å–∫–æ–º—Ñ–æ—Ä—Ç–∞, –Ω–µ—Å–º–æ—Ç—Ä—è –Ω–∞ –∑–∞–º–∫–Ω—É—Ç–æ–µ –ø—Ä–æ—Å—Ç—Ä–∞–Ω—Å—Ç–≤–æ. –£–∂–µ –≥–æ–¥ –º—ã –ø–∞—Ü–∏–µ–Ω—Ç—ã –ë–æ–ª–¥—ã—Ä–µ–≤–∞ –í.–ì. –ü—Ä–æ–≥—Ä–µ—Å—Å –µ—Å—Ç—å, —ç—Ç–æ —Ä–µ–≥—É–ª—è—Ä–Ω–æ –ø–æ–¥—Ç–≤–µ—Ä–∂–¥–∞–µ—Ç—Å—è –¥–æ–∫—Ç–æ—Ä–æ–º –Ω–∞ –æ–±—Å–ª–µ–¥–æ–≤–∞–Ω–∏–∏ (–£–ó–ò, –≠–≠–ì), –ø–æ—Å–ª–µ –ø—Ä–æ—Ö–æ–∂–¥–µ–Ω–∏—è –∫—É—Ä—Å–∞ –ø—Ä–æ—Ü–µ–¥—É—Ä –∏ –Ω–∞–∑–Ω–∞—á–µ–Ω–∏–π. –ú—ã –æ—á–µ–Ω—å —Ä–∞–¥—ã —á—Ç–æ –ø—Ä–∏—à–ª–∏, –ø–æ —Ä–µ–∫–æ–º–µ–Ω–¥–∞—Ü–∏–∏, –∏ –¥–æ–≤–µ—Ä–∏–ª–∏—Å—å –í–ª–∞–¥–∏–º–∏—Ä—É –ì–µ–Ω–Ω–∞–¥—å–µ–≤–∏—á—É, –µ–≥–æ –≤–∏–¥–µ–Ω–∏–µ –Ω–∞—à–µ–π —Å–∏—Ç—É–∞—Ü–∏–∏, –∏ –ø–æ–¥—Ö–æ–¥, –∫ —É–ª—É—á—à–µ–Ω–∏—é —Å–æ—Å—Ç–æ—è–Ω–∏—è –∑–¥–æ—Ä–æ–≤—å—è –¥–µ—Ç–µ–π —Å –∞—É—Ç–∏–∑–º–æ–º, –æ—á–µ–Ω—å –Ω–∞—Å —É–¥–∏–≤–∏–ª. –†–∞–Ω–µ–µ –æ –ø–æ–¥–æ–±–Ω—ã—Ö –º–µ—Ç–æ–¥–∞—Ö –≤–æ–∑–¥–µ–π—Å—Ç–≤–∏—è –Ω–∞ –≥–æ–ª–æ–≤–Ω–æ–π –º–æ–∑–≥ –∏ –¶–ù–° –º—ã –Ω–µ —Å–ª—ã—à–∞–ª–∏. –ú—ã —Å –í–∞—à–∏–º —Ü–µ–Ω—Ç—Ä–æ–º –Ω–∞–¥–æ–ª–≥–æ !)) –û—á–µ–Ω—å —Ü–µ–Ω–∏–º, –¥–æ–≤–µ—Ä—è–µ–º –∏ —Ä–µ–∫–æ–º–µ–Ω–¥—É–µ–º. –°–ø–∞—Å–∏–±–æ! –µ—â—ë",5.0
–ú–µ–¥–∏—Ü–∏–Ω—Å–∫–∏–π —Ü–µ–Ω—Ç—Ä –¥–æ–∫—Ç–æ—Ä–∞ –ë–æ–ª–¥—ã—Ä–µ–≤–∞,https://yandex.ru/maps/org/meditsinskiy_tsentr_doktora_boldyreva/112675622896/reviews,"–û—á–µ–Ω—å –ø—Ä–∏—è—Ç–Ω—ã–µ, –≤–µ–∂–ª–∏–≤—ã–µ –∏ –ø—Ä–µ–¥—É—Å–º–æ—Ç—Ä–∏—Ç–µ–ª—å–Ω—ã–µ —Å–æ—Ç—Ä—É–¥–Ω–∏–∫–∏, –ª–µ–≥–∫–∞—è –∏ –º—è–≥–∫–∞—è –æ–±—Å—Ç–∞–Ω–æ–≤–∫–∞ –≤ –∑–æ–Ω–µ –æ–∂–∏–¥–∞–Ω–∏—è, —á—Ç–æ –¥–ª—è –¥–µ—Ç–µ–π —Å –û–í–ó —è–≤–ª—è–µ—Ç—Å—è –æ–¥–Ω–∏–º –∏–∑ –Ω–µ–º–∞–ª–æ–≤–∞–∂–Ω—ã—Ö —Ñ–∞–∫—Ç–æ—Ä–æ–≤ –≤ –ø–æ–¥–≥–æ—Ç–æ–≤–∫–µ –∫ –ø—Ä–∏–µ–º—É —É –≤—Ä–∞—á–∞. –ú—ã —É–∂–µ –º–Ω–æ–≥–æ –ª–µ—Ç –Ω–∞–±–ª—é–¥–∞–µ–º—Å—è —É –ë–æ–ª–¥—ã—Ä–µ–≤–∞ –í–ª–∞–¥–∏–º–∏—Ä–∞ –ì–µ–Ω–Ω–∞–¥—å–µ–≤–∏—á–∞, –≤ –Ω–∞—à–µ–º —Å–ª—É—á–∞–µ –æ–Ω –±—ã–ª –ø–µ—Ä–≤—ã–º –≤—Ä–∞—á–æ–º, –∫—Ç–æ –Ω–µ ¬´–ø–æ—Ö–æ—Ä–æ–Ω–∏–ª¬ª —Ä–µ–±–µ–Ω–∫–∞, –Ω–µ —Å—Ç–∞–ª ¬´–ø—Ä—è—Ç–∞—Ç—å—Å—è¬ª –∑–∞ –Ω–∞–∑–Ω–∞—á–µ–Ω–∏—è–º–∏ –∏–∑ –∫–ª–∏–Ω–∏—á–µ—Å–∫–∏—Ö —Ä–µ–∫–æ–º–µ–Ω–¥–∞—Ü–∏–π, –∞ –æ—Ç–≤–µ—Ç—Å—Ç–≤–µ–Ω–Ω–æ –ø–æ–¥–æ—à–µ–ª –∫ –¥–∏–∞–≥–Ω–æ—Å—Ç–∏–∫–µ —Å–æ—Å—Ç–æ—è–Ω–∏—è –∏ –ø—Ä–æ–¥–æ–ª–∂–∞–µ—Ç –∫—É—Ä–∏—Ä–æ–≤–∞—Ç—å –ª–µ—á–µ–Ω–∏–µ –ø–æ —Å–µ–π –¥–µ–Ω—å. –û—á–µ–Ω—å –Ω—Ä–∞–≤–∏—Ç—Å—è –¥–µ–ª–æ–≤–æ–π –ø–æ–¥—Ö–æ–¥ —Å–ø–µ—Ü–∏–∞–ª–∏—Å—Ç–∞ –∫ —Ä–æ–¥–∏—Ç–µ–ª—è–º –∏ –ø–æ–∏—Å–∫ –ø–æ–¥—Ö–æ–¥–∞ –µ–≥–æ –∂–µ –∫ –¥–µ—Ç—è–º. –µ—â—ë",5.0
–ú–µ–¥–∏—Ü–∏–Ω—Å–∫–∏–π —Ü–µ–Ω—Ç—Ä –¥–æ–∫—Ç–æ—Ä–∞ –ë–æ–ª–¥—ã—Ä–µ–≤–∞,https://yandex.ru/maps/org/meditsinskiy_tsentr_doktora_boldyreva/112675622896/reviews,"–†–µ–¥–∫–∏–π, –∫—Ä—É—Ç–µ–π—à–∏–π –∏ –æ—á–µ–Ω—å –æ—Ç–≤–µ—Ç—Å—Ç–≤–µ–Ω–Ω—ã–π —Å–ø–µ—Ü–∏–∞–ª–∏—Å—Ç. –í–∏–¥–Ω–æ —á—Ç–æ –í–ª–∞–¥–∏–º–∏—Ä –ì–µ–Ω–Ω–∞–¥—å–µ–≤–∏—á –∏ –≤—Å—è –µ–≥–æ –∫–æ–º–∞–Ω–¥–∞ –ø—Ä–µ–¥–∞–Ω—ã —Å–≤–æ–µ–º—É –¥–µ–ª—É –∏ –ø–æ–º–æ–≥–∞—é—Ç –¥–µ—Ç–∫–∞–º –∏ –∏—Ö —Ä–æ–¥–∏—Ç–µ–ª—è–º –≤–µ—Ä–Ω—É—Ç—å –ø–æ–ª–Ω–æ—Ü–µ–Ω–Ω—É—é –∏ –¥–æ—Å—Ç–æ–π–Ω—É—é –∂–∏–∑–Ω—å –Ω–µ —Å–º–æ—Ç—Ä—è –Ω–∞ —Ç—è–∂—ë–ª—ã–µ —É–¥–∞—Ä—ã —Å—É–¥—å–±—ã. –ù–∏–∑–∫–∏–π –ø–æ–∫–ª–æ–Ω –∏ –æ–≥—Ä–æ–º–Ω–æ–µ —Å–ø–∞—Å–∏–±–æ –∑–∞ –≤–∞—à—É —Ä–∞–±–æ—Ç—É.",5.0
–ú–µ–¥–∏—Ü–∏–Ω—Å–∫–∏–π —Ü–µ–Ω—Ç—Ä –¥–æ–∫—Ç–æ—Ä–∞ –ë–æ–ª–¥—ã—Ä–µ–≤–∞,https://yandex.ru/maps/org/meditsinskiy_tsentr_doktora_boldyreva/112675622896/reviews,"–•–æ—á—É –≤—ã—Ä–∞–∑–∏—Ç—å —Å–≤–æ—é –±–ª–∞–≥–æ–¥–∞—Ä–Ω–æ—Å—Ç—å –ë–æ–ª–¥—ã—Ä–µ–≤—É –í–ª–∞–¥–∏–º–∏—Ä—É –ì–µ–Ω–Ω–∞–¥—å–µ–≤–∏—á—É! –û—á–µ–Ω—å –≥—Ä–∞–º–æ—Ç–Ω—ã–π —Å–ø–µ—Ü–∏–∞–ª–∏—Å—Ç! –û—á–µ–Ω—å –≤–Ω–∏–º–∞—Ç–µ–ª—å–Ω–æ –æ—Ç–Ω–µ—Å—Å—è –∫ –º–æ–µ–π –ø—Ä–æ–±–ª–µ–º–µ, –ø—Ä–æ–≤–µ–ª —Ç—â–∞—Ç–µ–ª—å–Ω—ã–π –æ—Å–º–æ—Ç—Ä , –≤—Å–µ —á–µ—Ç–∫–æ –∏ –≥—Ä–∞–º–æ—Ç–Ω–æ –º–Ω–µ –æ–±—ä—è—Å–Ω–∏–ª, –±—É–¥—É –ø—Ä–∏—Ö–æ–¥–∏—Ç—å –µ—â–µ –Ω–∞ –ø—Ä–∏–µ–º—ã!",5.0
–ú–µ–¥–∏—Ü–∏–Ω—Å–∫–∏–π —Ü–µ–Ω—Ç—Ä –¥–æ–∫—Ç–æ—Ä–∞ –ë–æ–ª–¥—ã—Ä–µ–≤–∞,https://yandex.ru/maps/org/meditsinskiy_tsentr_doktora_boldyreva/112675622896/reviews,"–£–∂–µ –±–æ–ª–µ–µ –ø—è—Ç–∏ –ª–µ—Ç –ø–æ—Å–µ—â–∞–µ–º –≤—Ä–∞—á–∞ –í–ª–∞–¥–∏–º–∏—Ä–∞ –ì–µ–Ω–Ω–∞–¥—å–µ–≤–∏—á–∞ –ë–æ–ª–¥—ã—Ä–µ–≤–∞. –ú–æ–µ–º—É —Å—ã–Ω—É –æ—á–µ–Ω—å –ø–æ–º–æ–≥, —Å–ø–∞—Å–∏–±–æ –í–∞–º –±–æ–ª—å—à–æ–µ!!!",5.0
–ú–µ–¥–∏—Ü–∏–Ω—Å–∫–∏–π —Ü–µ–Ω—Ç—Ä –¥–æ–∫—Ç–æ—Ä–∞ –ë–æ–ª–¥—ã—Ä–µ–≤–∞,https://yandex.ru/maps/org/meditsinskiy_tsentr_doktora_boldyreva/112675622896/reviews,"–ú—ã –¥–æ–ª–≥–æ –∏—Å–∫–∞–ª–∏ —Å–≤–æ–µ–≥–æ –¥–æ–∫—Ç–æ—Ä–∞ , –ø–µ—Ä–µ–±–∏—Ä–∞–ª–∏ –º–Ω–æ–≥–∏—Ö –≤—Ä–∞—á–µ–π . –•–æ—á—É –≤—ã—Ä–∞–∑–∏—Ç—å –ø—Ä–∏–∑–Ω–∞—Ç–µ–ª—å–Ω–æ—Å—Ç—å –í–ª–∞–¥–∏–º–∏—Ä—É –ì–µ–Ω–Ω–∞–¥—å–µ–≤–∏—á—É –∑–∞ —Ç–æ, —á—Ç–æ –Ω–µ –ø–æ–±–æ—è–ª—Å—è –≤–∑—è—Ç—å –º–æ–µ–≥–æ —Å—ã–Ω–∞ , —Ö–æ—Ç—è —Ä–µ–±–µ–Ω–æ–∫ –æ—á–µ–Ω—å —Å–ª–æ–∂–Ω—ã–π . –°—á–∏—Ç–∞—é , —á—Ç–æ –ø—Ä–æ—Ñ–µ—Å—Å–∏–æ–Ω–∞–ª–∏–∑–º –≤—Ä–∞—á–∞ –∑–∞–∫–ª—é—á–∞–µ—Ç—Å—è –≤ —Ç–æ–º , —á—Ç–æ –≤–∑—è—Ç—å –∏ –Ω–µ –ø–æ–±–æ—è—Ç—å—Å—è –æ—Ç–≤–µ—Ç—Å—Ç–≤–µ–Ω–Ω–æ—Å—Ç–∏ , –≥–¥–µ –∫–∞–∑–∞–ª–æ—Å—å –±—ã –Ω–∞–¥–µ–∂–¥—ã –Ω–µ—Ç. –õ–µ—á–µ–Ω–∏–µ –Ω–∞—à–µ –¥–ª–∏—Ç—Å—è —É–∂–µ –≤—Ç–æ—Ä–æ–π –≥–æ–¥ –∏ –ø–æ—Å–ª–µ –≤—Ç–æ—Ä–æ–≥–æ –∫—É—Ä—Å–∞ —Ä–µ–∞–±–∏–ª–∏—Ç–∞—Ü–∏–∏ —É —Ä–µ–±–µ–Ω–∫–∞ –ø—Ä–æ–∏–∑–æ—à–µ–ª –æ—á–µ–Ω—å —Ö–æ—Ä–æ—à–∏–π —Å–∫–∞—á–æ–∫ , –¥–∞–ª—å—à–µ –±—É–¥–µ—Ç —Ç–æ–ª—å–∫–æ –ª—É—á—à–µ. –µ—â—ë",5.0
–ú–µ–¥–∏—Ü–∏–Ω—Å–∫–∏–π —Ü–µ–Ω—Ç—Ä –¥–æ–∫—Ç–æ—Ä–∞ –ë–æ–ª–¥—ã—Ä–µ–≤–∞,https://yandex.ru/maps/org/meditsinskiy_tsentr_doktora_boldyreva/112675622896/reviews,"–°—ã–Ω—É 11 –ª–µ—Ç –≤ –ü–∏—Ç–µ—Ä–µ –≤ –∏–Ω—Å—Ç–∏—Ç—É—Ç–µ –ú–æ–∑–≥–∞ –ø–æ—Å—Ç–∞–≤–∏–ª–∏ –†–ê–° –∏ –°–î–í–ì. –ù–∞–∑–Ω–∞—á–∏–ª–∏ –ª–µ—á–µ–Ω–∏–µ –Ω–∞ –°–î–í–ì –ø—Ä–µ–ø–∞—Ä–∞—Ç–∞–º–∏ . –ü—Ä–æ—Ö–æ–¥–∏–ª–∏ –≥–æ–¥ –∫—É—Ä—Å —É –Ω–µ–π—Ä–æ–ø—Å–∏—Ö–æ–ª–æ–≥–∏–∏ –≤ —Ü–µ–Ω—Ç—Ä–µ –õ—É—Ä–∏—è , –¥–∏–Ω–∞–º–∏–∫–∞ –Ω–µ—Ä–µ–∞–ª—å–Ω–∞—è . –£ –ë–æ–ª–¥–∞—Ä–µ–≤–∞ –±—ã–ª–∏ —Å —Å—ã–Ω–æ–º –ª–µ—Ç –≤ 5-6 , –ø–æ—Å–ª–µ –ª–µ—á–µ–Ω–∏—è –∏–∑–º–µ–Ω–µ–Ω–∏–π —è –Ω–µ –∑–∞–º–µ—Ç–∏–ª–∞ . –í –∏—é–Ω–µ –ø—Ä–æ—Ö–æ–¥–∏–ª–∏ –≤ –º–µ–¥—Å–∏ –æ–±—Å–ª–µ–¥–æ–≤–∞–Ω–∏—è –ú–†–¢, —É–∑–∏ , —ç—ç–≥ –∏ –Ω–∞–∑–Ω–∞—á–∏–ª–∏ –¥–Ω–µ–≤–Ω–æ–π —Å–æ–Ω . –ü—Ä–∏–µ—Ö–∞–ª–∏ –Ω–∞ –ø—Ä–∏–µ–º –∫ –ë–æ–ª–¥–∞—Ä–µ–≤—É –æ–Ω —Å–∫–∞–∑–∞–ª –æ—Ç–º–µ–Ω–∏—Ç—å –ª–µ—á–µ–Ω–∏–µ –¥–ª—è –°–î–í–ì –∏ –ª–µ—á–∏—Ç—Å—è —Ç–æ–ª—å–∫–æ –µ–≥–æ –ø—Ä–µ–ø–∞—Ä–∞—Ç–∞–º–∏ . –û–±—Å—É–∂–¥–µ–Ω–∏–µ –∏—Å–∫–ª—é—á–µ–Ω–∏—è –æ–º–µ–≥–∏ –ø—Ä–∏–≤–µ–ª–æ –∫ –∞–≥—Ä–µ—Å—Å–∏–≤–Ω–æ–º—É –ø–æ–≤–µ–¥–µ–Ω–∏—é –≤—Ä–∞—á–∞ . –û–Ω –ø–æ–ø—Ä–æ—Å–∏–ª —É–±—Ä–∞—Ç—å –º–æ–π —Ç–µ–ª–µ—Ñ–æ–Ω –≤ —Å—É–º–∫—É —Ç–∞–∫ –∫–∞–∫ —è–∫–æ–±—ã —è –µ–≥–æ –∑–∞–ø–∏—Å—ã–≤–∞—é . –ö–æ–≥–¥–∞ —è –ø–æ–ø—Ä–æ—Å–∏–ª–∞ –ø–æ–∫–∞–∑–∞—Ç—å –º–Ω–µ –≤ –æ–±—Å–ª–µ–¥–æ–≤–∞–Ω–∏—è—Ö —É–∑–∏ –µ–≥–æ –¥–∏–∞–≥–Ω–æ–∑ –æ–Ω —Ä–µ–∑–∫–æ –æ—Ç–∫–∞–∑–∞–ª—Å—è . –î–æ—Å–ª–æ–≤–Ω–æ —è –≤–∞–º –Ω–µ —Å–æ–±–∏—Ä–∞—é—Å—å –Ω–∏—á–µ–≥–æ –æ–±—ä—è—Å–Ω—è—Ç—å . –ü–æ–ª–Ω–∞—è –Ω–µ –∫–æ–º–ø–µ—Ç–µ–Ω—Ü–∏—è –≤—Ä–∞—á–∞ . –£ –º–æ–µ–≥–æ —Ä–µ–±–µ–Ω–∫–∞ —Å–µ–π—á–∞—Å –≤—Å–µ —Å—Ç–∞–±–∏–ª—å–Ω–æ , —É—á–∏—Ç—Å—è —Ö–æ—Ä–æ—à–æ , —É—Å–∏–¥—á–∏–≤ –≤ —Å–ø–æ—Ä—Ç–µ –≤—Å–µ —Ö–æ—Ä–æ—à–æ . –î–æ–≤–µ—Ä—è—Ç—å —á–µ–ª–æ–≤–µ–∫—É —Å —Ç–∞–∫–æ–π –∞–≥—Ä–µ—Å—Å–∏–µ–π —è –∫–∞–∫ –º–∞–º–∞ –Ω–µ –±—É–¥—É . –Ø –¥–æ–≤–µ—Ä—è—é —Å–≤–æ–µ–º—É –≤–Ω—É—Ç—Ä–µ–Ω–Ω–µ–º—É –≥–æ–ª–æ—Å—É , –∞ –Ω–µ —Å—Ç—Ä–∞—Ö—É . –ü–∏—à—É –¥–ª—è —Ç–æ–≥–æ —á—Ç–æ–±—ã –ª—é–¥–∏ –∑–Ω–∞–ª–∏ –∫—É–¥–∞ –∏–¥—É—Ç . –î–µ—Ç–∫–∏ –≤—Å–µ —Ä–∞–∑–Ω—ã–µ —É –≤—Å–µ—Ö —Å–≤–æ–∏ –æ—Å–æ–±–µ–Ω–Ω–æ—Å—Ç–∏ –Ω–µ –ø–æ–∑–≤–æ–ª—è–π—Ç–µ –≤—Ä–∞—á–∞–º –∑–∞–ø—É–≥–∏–≤–∞—Ç—å –≤–∞—Å –∏ –Ω–∞ —Å—Ç—Ä–∞—Ö–µ –¥–µ–ª–∞—Ç—å –∫–∞–∫ –æ–Ω–∏ –≥–æ–≤–æ—Ä—è—Ç . –ó–¥–æ—Ä–æ–≤—å—è –¥–µ—Ç–∫–∞–º ‚ù§Ô∏è –µ—â—ë",1.0
–ú–µ–¥–∏—Ü–∏–Ω—Å–∫–∏–π —Ü–µ–Ω—Ç—Ä –¥–æ–∫—Ç–æ—Ä–∞ –ë–æ–ª–¥—ã—Ä–µ–≤–∞,https://yandex.ru/maps/org/meditsinskiy_tsentr_doktora_boldyreva/112675622896/reviews,"–ù–∞—á–∞–ª–∏ –Ω–∞–±–ª—é–¥–∞—Ç—å—Å—è —É –≤—Ä–∞—á–∞ –µ—â–µ –≤ 2021 –≥, —Å —Ç–µ—Ö –ø–æ—Ä –ø–æ—Å–µ—â–∞–µ–º —Ä–µ–≥—É–ª—è—Ä–Ω–æ —Ç–∫ –¥–∏–Ω–∞–º–∏–∫–∞ –≤–∏–¥–Ω–∞, –≤ –±—ã—Ç–æ–≤—ã—Ö —Å–∏—Ç—É–∞—Ü–∏—è—Ö —É —Å—ã–Ω–∞ –ø–æ–Ω–∏–º–∞–Ω–∏—è —Å—Ç–∞–ª–æ –±–æ–ª—å—à–µ, —Ö–≤–∞–ª—è—Ç –ø–µ–¥–∞–≥–æ–≥–∏, –ø–æ—Ç–∏—Ö–æ–Ω—å–∫—É –≥–æ—Ç–æ–≤–∏–º –∫ —à–∫–æ–ª–µ. –í—ã–≤–µ–ª –Ω–∞—Å –≤—Ä–∞—á –Ω–∞ —É—Ä–æ–≤–µ–Ω—å, —Å—ã–Ω –ø–æ–π–¥—ë—Ç –≤ —à–∫–æ–ª—É –ø–æ –æ–±—ã—á–Ω–æ–π –ø—Ä–æ–≥—Ä–∞–º–º–µ, –Ω–∞ —á—Ç–æ –∏–∑–Ω–∞—á–∞–ª—å–Ω–æ –∏ –Ω–µ —Ä–∞—Å—Å—á–∏—Ç—ã–≤–∞–ª–∏. –ü—Ä–æ—Ü–µ–¥—É—Ä—ã –æ–∫—Å–∏–≥–µ–Ω–∞—Ü–∏–∏ –¥–ª—è –Ω–∞—Å –±—ã–ª–∏ —á–µ–º —Ç–æ –Ω–æ–≤—ã–º, –¥–æ —ç—Ç–æ–≥–æ –∏ –Ω–µ —Å–ª—ã—à–∞–ª–∏ –ø—Ä–æ —Ç–∞–∫–æ–µ, –Ω–æ —Ä–µ–∑—É–ª—å—Ç–∞—Ç –ø–æ—Ä–∞–¥–æ–≤–∞–ª –ø—Ä–æ–≥—Ä–µ—Å—Å–æ–º –≤ –ª–µ—á–µ–Ω–∏–∏. –°–ø–∞—Å–∏–±–æ –ë–æ–ª–¥—ã—Ä–µ–≤—É –í. –ì., –≤—ã–∑—ã–≤–∞–µ—Ç –¥–æ–≤–µ—Ä–∏–µ –∏ —É–≤–∞–∂–µ–Ω–∏–µ. –µ—â—ë",5.0
–ú–µ–¥–∏—Ü–∏–Ω—Å–∫–∏–π —Ü–µ–Ω—Ç—Ä –¥–æ–∫—Ç–æ—Ä–∞ –ë–æ–ª–¥—ã—Ä–µ–≤–∞,https://yandex.ru/maps/org/meditsinskiy_tsentr_doktora_boldyreva/112675622896/reviews,"–°–ª–µ–¥—É—é—â–∏–π –ø–∞—Ü–∏–µ–Ω—Ç –±—ã–ª –º–æ–π –º—É–∂ , –∑–∞–ø–∏—Å—å –ø—Ä–æ–≤–µ—Ä—å—Ç–µ . –ú—É–∂ –ø—Ä–∏–≥–ª–∞—Å–∏–ª –∏ –∫–æ–≥–¥–∞ —è –ø–æ–ø—Ä–æ—Å–∏–ª–∞ —Ä–∞–∑—ä—è—Å–Ω–∏—Ç—å , –≥–¥–µ –Ω–∞ –æ–±—Å–ª–µ–¥–æ–≤–∞–Ω–∏—è—Ö —É –º–æ–µ–≥–æ —Å—ã–Ω–∞ –∂–∏–¥–∫–æ—Å—Ç—å –≤ –≥–æ–ª–æ–≤–µ . –í—Ä–∞—á –æ—Ç–∫–∞–∑–∞–ª . –î–æ—Å–ª–æ–≤–Ω–æ –¥–∞ —è –≤–∞–º –æ—Ç–∫–∞–∑—ã–≤–∞—é—Å—å –ø–æ–∫–∞–∑–∞—Ç—å . –ú—É–∂ —ç—Ç–æ –≤—Å–µ —Å–ª—ã—à–∞–ª , –æ–Ω —Ç–æ–∂–µ –æ—Ç–∫–∞–∑–∞–ª—Å—è —É –Ω–µ–≥–æ –ª–µ—á–∏—Ç—Å—è —Ç–∞–∫ –∫–∞–∫ —Å—á–∏—Ç–∞–µ—Ç —Ç–∞–∫–æ–µ –ø–æ–≤–µ–¥–µ–Ω–∏–µ –Ω–µ –∫–æ–º–ø–µ—Ç–µ–Ω—Ç–Ω—ã–º . –£ –º–æ–µ–≥–æ —Å—ã–Ω–∞ –±—ã–ª–æ –æ–±—à–∏—Ä–Ω–æ–µ –æ–±—Å–ª–µ–¥–æ–≤–∞–Ω–∏–µ –≤ –ú—ç–¥—Å–∏ –ú–†–¢ —É–∑–∏, —Ç–∞–º –Ω–µ—Ç —É –Ω–µ–≥–æ –∂–∏–¥–∫–æ—Å—Ç–∏ . –Ø –ø–æ—Ç—Ä–∞—Ç–∏–ª–∞ –≤—Ä–µ–º—è –∏ —Å–≤–æ–∏ –¥–µ–Ω—å–≥–∏ –Ω–∞ –≤–∞—à—É –∫–ª–∏–Ω–∏–∫—É, –Ω–∞ –º–æ–∏ –≤–æ–ø—Ä–æ—Å—ã –≤—Ä–∞—á –æ—Ç–∫–∞–∑–∞–ª—Å—è –æ—Ç–≤–µ—á–∞—Ç—å . –°—Å—ã–ª–∞—è—Å—å –Ω–∞ —Ç–æ ,—á—Ç–æ —è –Ω–µ –≤—Ä–∞—á –∏ –º–Ω–µ –Ω–µ—á–µ–≥–æ –æ–±—ä—è—Å–Ω—è—Ç—å . –°—á–∏—Ç–∞—é –ë–æ–ª–¥–∞—Ä–µ–≤–∞ –Ω–µ –∫–æ–º–ø–µ—Ç–µ–Ω—Ç–Ω—ã–º –≤—Ä–∞—á–µ–º . –µ—â—ë",1.0
–ú–µ–¥–∏—Ü–∏–Ω—Å–∫–∏–π —Ü–µ–Ω—Ç—Ä –¥–æ–∫—Ç–æ—Ä–∞ –ë–æ–ª–¥—ã—Ä–µ–≤–∞,https://yandex.ru/maps/org/meditsinskiy_tsentr_doktora_boldyreva/112675622896/reviews,"–ü—Ä–æ—Ö–æ–¥–∏–ª–∏ —Å –¥–æ—á–∫–æ–π –∫—É—Ä—Å –ì–ë–û+–¢–ú–° –≤ –∞–≤–≥—É—Å—Ç–µ, 10 –¥–Ω–µ–π. –î–æ—á–∫–µ 1.3 –≥–æ–¥–∞. –ü–µ—Ä–≤—ã–µ –Ω–µ—Å–∫–æ–ª—å–∫–æ –¥–Ω–µ–π –≤ –∫–∞–±–∏–Ω–µ –±—ã–ª–æ —Å–ª–æ–∂–Ω–æ, –ø—Ä–∏–≤—ã–∫–∞–ª–∏ –∫ –º–∞—Å–∫–µ –∏ –∏–∑–º–µ–Ω–µ–Ω–∏—é –¥–∞–≤–ª–µ–Ω–∏—è. –ù–∞ —Ç—Ä–µ—Ç–∏–π –¥–µ–Ω—å —É–∂–µ —Å–∞–º–∞ –±–µ–∂–∞–ª–∞ —Å —Ä–∞–¥–æ—Å—Ç—å—é –≤ ¬´–∫–æ—Å–º–∏—á–µ—Å–∫–∏–π –∫–æ—Ä–∞–±–ª—å¬ª, –∫–∞–∫ –µ–≥–æ –Ω–∞–∑—ã–≤–∞—é—Ç —Å–∞–º–∏ —Å–æ—Ç—Ä—É–¥–Ω–∏–∫–∏. –° –¢–ú–° –ø—Ä–æ—â–µ - –æ—Ç 5 –¥–æ 15 –º–∏–Ω—É—Ç –ø–æ—Å–∏–¥–µ—Ç—å , –¥–µ—Ä–∂–∞ —à–ª–µ–º, –∏ —Å–∏–ª—å–Ω–æ –Ω–µ –≤–µ—Ä—Ç–µ—Ç—å –≥–æ–ª–æ–≤–æ–π. –ü–æ —Ä–µ–∑—É–ª—å—Ç–∞—Ç–∞–º: –ø–æ—è–≤–∏–ª–∞—Å—å –æ–±—Ä–∞—â–µ–Ω–Ω–∞—è —Ä–µ—á—å, —Å–æ–≤–º–µ—Å—Ç–Ω–∞—è –∏–≥—Ä–∞, –Ω–æ—Ä–º–∞–ª–∏–∑–æ–≤–∞–ª—Å—è —Å–æ–Ω, –ø–æ—à–ª–∏ —Ñ—Ä–∞–∑—ã –∏ –ø—Ä–æ—Å—å–±—ã. –ù–∞—É—á–∏–ª–∞—Å—å —Å–∞–º–æ—Å—Ç–æ—è—Ç–µ–ª—å–Ω–æ —Ä–∞—Å–∫–∞—á–∏–≤–∞—Ç—å—Å—è –≤ –¥–µ—Ç—Å–∫–∏—Ö –∫–∞—á–µ–ª—è—Ö. –°–ø–∞—Å–∏–±–æ —Ü–µ–Ω—Ç—Ä—É, –∫–æ–ª–ª–µ–∫—Ç–∏–≤—É –∑–∞ –∑–∞–±–æ—Ç—É, –¥–æ–∫—Ç–æ—Ä–∞–º –∑–∞ –≥—Ä–∞–º–æ—Ç–Ω—ã–µ –Ω–∞–∑–Ω–∞—á–µ–Ω–∏—è. –¢–µ—Ä–ø–µ–ª–∏–≤–æ, –Ω–µ–±–æ–ª—å—à–∏–º–∏ —à–∞–≥–∞–º–∏ –∏–¥–µ–º –∫ —Ä–µ–∑—É–ª—å—Ç–∞—Ç—É! –µ—â—ë",5.0
–ú–µ–¥–∏—Ü–∏–Ω—Å–∫–∏–π —Ü–µ–Ω—Ç—Ä –¥–æ–∫—Ç–æ—Ä–∞ –ë–æ–ª–¥—ã—Ä–µ–≤–∞,https://yandex.ru/maps/org/meditsinskiy_tsentr_doktora_boldyreva/112675622896/reviews,"–ë—ã–ª–∞ —Å —Ä–µ–±–µ–Ω–∫–æ–º (1,5 –≥–æ–¥–∞) –≤ –∫–ª–∏–Ω–∏–∫–µ –≥–æ–¥ –Ω–∞–∑–∞–¥, –Ω–æ –¥–æ —Å–∏—Ö –ø–æ—Ä –Ω–µ –º–æ–≥—É —É—Å–ø–æ–∫–æ–∏—Ç—å—Å—è. –ó–∞—à–ª–∏ –Ω–∞ –ø—Ä–∏–µ–º –∫ –ë–æ–ª–¥—ã—Ä–µ–≤—É –í–ì –∏ –æ–Ω —Å –ø–æ—Ä–æ–≥–∞ –Ω–∞—á–∞–ª —Å—ã–ø–∞—Ç—å –¥–∏–∞–≥–Ω–æ–∑–∞–º–∏: –¥—Ü–ø, –∞—É—Ç–∏–∑–º. –ü–µ—Ä–≤–æ–µ –∂–µ–ª–∞–Ω–∏–µ –±—ã–ª–æ —Ä–∞–∑–≤–µ—Ä–Ω—É—Ç—å—Å—è –∏ —É–π—Ç–∏, –Ω–æ –ø–æ—Ç–æ–º —Ä–µ—à–∏–ª–∞ –ø–µ—Ä–µ–±–æ—Ä–æ—Ç—å —Å–µ–±—è –∏ –æ—Å—Ç–∞—Ç—å—Å—è, –≤–µ–¥—å –º—ã –µ—Ö–∞–ª–∏ —Å —Ä–µ–±–µ–Ω–∫–æ–º –∏–∑ –¥—Ä—É–≥–æ–≥–æ –≥–æ—Ä–æ–¥–∞ 5 —á–∞—Å–æ–≤, —Å—Ç–æ–∏–º–æ—Å—Ç—å –ø—Ä–∏–µ–º–∞ 10 000 —Ä—É–±–ª–µ–π!!!!! –°–¥–µ–ª–∞–ª —É–∑–∏, —Å–∫–∞–∑–∞–ª —á—Ç–æ —É —Ä–µ–±–µ–Ω–∫–∞ –≥–∏–¥—Ä–æ—Ü–µ—Ñ–∞–ª–∏—è, —á—Ç–æ –æ–Ω –º–∞–∫—Å–∏–º–∞–ª—å–Ω–æ –ø–ª–æ—Ö –∏ –Ω—É–∂–Ω–æ —Å—Ä–æ—á–Ω–æ –ª–µ—á–∏—Ç—å. –ü—Ä–æ–ø–∏—Å–∞–ª —Ç–∞–±–ª–µ—Ç–∫–∏ –∏ –Ω–∞—Å—Ç–æ—è—Ç–µ–ª—å–Ω–æ —Ä–µ–∫–æ–º–µ–Ω–¥–æ–≤–∞–ª –ø—Ä–∏–µ—Ö–∞—Ç—å –≤ –ú–æ—Å–∫–≤—É –¥–ª—è –∫—É—Ä—Å–∞ –≤ –±–∞—Ä–æ–∫–∞–º–µ—Ä–µ –≤ –µ–≥–æ —Ü–µ–Ω—Ç—Ä–µ (50 —Ç—Ä -–∫—É—Ä—Å). –ú—ã –Ω–µ –ø–æ–µ—Ö–∞–ª–∏, –Ω–æ –æ–±—Å–ª–µ–¥–æ–≤–∞–Ω–∏–µ –ø—Ä–æ–≤–µ–ª–∏: –Ω–∏–∫–∞–∫–æ–π –≥–∏–¥—Ä–æ—Ü–µ—Ñ–∞–ª–∏–∏ —É –Ω–µ–≥–æ –Ω–µ—Ç!!! –ò –¥—Ü–ø —Ç–æ–∂–µ –Ω–µ—Ç, —Å–ø—É—Å—Ç—è –≥–æ–¥ —ç—Ç–æ —É–∂–µ –º–æ–∂–Ω–æ —É—Ç–≤–µ—Ä–∂–¥–∞—Ç—å. –ê –∞—É—Ç–∏–∑–º –≤ 1,5 –Ω–µ –¥–∏–∞–≥–Ω–æ—Å—Ç–∏—Ä—É–µ—Ç—Å—è. –í–æ–æ–±—â–µ–º –µ—Å–ª–∏ –≤–∞–º –¥–æ—Ä–æ–≥ —Ä–µ–±–µ–Ω–æ–∫ -–Ω–µ –≤–µ–¥–∏—Ç–µ—Å—å –Ω–∞ –ø–∞—Ñ–æ—Å –∫–ª–∏–Ω–∏–∫–∏, —ç—Ç–æ –º—ã–ª—å–Ω—ã–π –ø—É–∑—ã—Ä—å, –ª—é–¥–∏ –¥–µ–ª–∞—é—Ç –¥–µ–Ω—å–≥–∏ –Ω–∞ —á—É–∂–æ–º –≥–æ—Ä–µ! –µ—â—ë",1.0
–ú–µ–¥–∏—Ü–∏–Ω—Å–∫–∏–π —Ü–µ–Ω—Ç—Ä –¥–æ–∫—Ç–æ—Ä–∞ –ë–æ–ª–¥—ã—Ä–µ–≤–∞,https://yandex.ru/maps/org/meditsinskiy_tsentr_doktora_boldyreva/112675622896/reviews,"–í –Ω–∞—à–µ –≤—Ä–µ–º—è –æ—á–µ–Ω—å —Å–ª–æ–∂–Ω–æ –Ω–∞–π—Ç–∏ –∑–Ω–∞—é—â–µ–≥–æ, –æ–ø—ã—Ç–Ω–æ–≥–æ –¥–æ–∫—Ç–æ—Ä–∞. –ö–æ–≥–¥–∞ —Å—Ç–æ–∏—Ç –∑–∞–¥–∞—á–∞ –Ω–∞–π—Ç–∏ –¥–ª—è —Ä–µ–±—ë–Ω–∫–∞, —ç—Ç–æ –µ—â—ë —Å–ª–æ–∂–Ω–µ–µ. –ù–∞–º –æ—á–µ–Ω—å –ø–æ–≤–µ–∑–ª–æ –º—ã –Ω–∞—à–ª–∏ —Ç–∞–∫–æ–≥–æ –¥–æ–∫—Ç–æ—Ä–∞. –í–ª–∞–¥–∏–º–∏—Ä –ì–µ–Ω–Ω–∞–¥—å–µ–≤–∏—á, —Å–ø–∞—Å–∏–±–æ –í–∞–º, –∑–∞ –Ω–∞—à—É –¥–æ—á–∫—É –ú–∞—à–µ–Ω—å–∫—É, –∑–∞ –Ω–∞—à–∏ —É—Å–ø–µ—Ö–∏!!! –ë–ª–∞–≥–æ–¥–∞—Ä—è –º–µ–Ω–¥–∏–∫–æ–º–µ–Ω—Ç–æ–∑–Ω–æ–º—É –ª–µ—á–µ–Ω–∏—é —É—Å—Ç—Ä–∞–Ω—è–µ–º –ø–æ—Å–ª–µ–¥—Å—Ç–≤–∏—è –ø–µ—Ä–∏–Ω–∞—Ç–∞–ª—å–Ω–æ–≥–æ –ø–æ—Ä–∞–∂–µ–Ω–∏—è —Ü–µ–Ω—Ç—Ä–∞–ª—å–Ω–æ–π –Ω–µ—Ä–≤–Ω–æ–π —Å–∏—Å—Ç–µ–º—ã. –ê –∫–∏—Å–ª–æ—Ä–æ–¥–æ—Ç–µ—Ä–∞–ø–∏—è –∏ –¢–ú–° –æ—á–µ–Ω—å –ø–æ–º–æ–≥–ª–∏ –Ω–∞–º —Å –∑–∞–¥–µ—Ä–∂–∫–æ–π —Ä–µ—á–∏. –ë—É–∫–≤–∞–ª—å–Ω–æ –ø–æ—Å–ª–µ –≤—Ç–æ—Ä–æ–π –ø—Ä–æ—Ü–µ–¥—É—Ä—ã –¥–æ—á–∫–∞ —Å—Ç–∞–ª–∞ –±–æ–ª—å—à–µ –∏ –ª—É—á—à–µ –≥–æ–≤–æ—Ä–∏—Ç—å. –ü–æ –æ–∫–æ–Ω—á–∞–Ω–∏—é –∫—É—Ä—Å–∞ –≤–∏–¥–µ–Ω –∫–æ–ª–æ—Å—Å–∞–ª—å–Ω—ã–π —Ä–µ–∑—É–ª—å—Ç–∞—Ç. –ú—ã –≤ –Ω–∞–¥—ë–∂–Ω—ã—Ö —Ä—É–∫–∞—Ö. –°–ø–∞—Å–∏–±–æ –±–æ–ª—å—à–æ–µ –í—Å–µ–º —Å–æ—Ç—Ä—É–¥–Ω–∏–∫–∞–º —Ü–µ–Ω—Ç–∞ –∑–∞ —Ç–µ—Ä–ø–µ–Ω–∏–µ, –≤–Ω–∏–º–∞—Ç–µ–ª—å–Ω–æ–µ –∏ —Ç—Ä–µ–ø–µ—Ç–Ω–æ–µ –æ—Ç–Ω–æ—à–µ–Ω–∏–µ –∫ –ø–∞—Ü–∏–µ–Ω—Ç–∞–º!!!! –µ—â—ë",5.0
–ú–µ–¥–∏—Ü–∏–Ω—Å–∫–∏–π —Ü–µ–Ω—Ç—Ä –¥–æ–∫—Ç–æ—Ä–∞ –ë–æ–ª–¥—ã—Ä–µ–≤–∞,https://yandex.ru/maps/org/meditsinskiy_tsentr_doktora_boldyreva/112675622896/reviews,"–ö —Å–æ–∂–∞–ª–µ–Ω–∏—é –ø—Ä–æ–µ–∑–¥–∏–ª–∏ –ø–æ—á—Ç–∏ –¥–≤–∞ –≥–æ–¥–∞,–Ω–æ –∫–∞–∫ –æ–∫–∞–∑–∞–ª–æ—Å—å –ø–æ –æ–±—Å–ª–µ–¥–æ–≤–∞–Ω–∏—é –≤ –¥—Ä—É–≥–∏—Ö –∫–ª–∏–Ω–∏–∫–∞—Ö —Ç–æ–π –∂–µ –ú–æ—Å–∫–≤—ã,—Ä–µ–±—ë–Ω–∫—É –ø—Ä–æ—Ç–∏–≤–æ–ø–æ–∫–∞–∑–∞–Ω—ã –±—ã–ª–∏ —Å—Ç–∏–º—É–ª—è—Ü–∏–∏ –º–∞–≥–Ω–∏—Ç–∞–º–∏....–∏ –≠–≠–ì –≤ —Ç–µ—á–µ–Ω–∏–∏ 15 –º–∏–Ω—É—Ç —ç—Ç–æ –Ω–∏ –æ —á–µ–º...–¥–µ–ª–∞–ª–∏ –æ—Ç –¥–≤—É—Ö —á–∞—Å–æ–≤ –≤ –¥—Ä—É–≥–∏—Ö –∫–ª–∏–Ω–∏–∫–∞—Ö –∏ –≤–æ —Å–Ω–µ –∏ –±–µ–∑ –∏ –Ω–µ –∑–∞ —Ç–∞–∫–∏–µ –±–∞—Å–Ω–æ—Å–ª–æ–≤–Ω—ã–µ —Å—É–º–º—ã,–∫–∞–∫ –∑–∞–ª–∞–º—ã–≤–∞—é—Ç –∑–¥–µ—Å—å.–õ–µ—á–µ–Ω–∏–µ —Ç–æ–∂–µ –¥—Ä—É–≥–∏–º–∏ –≤—Ä–∞—á–∞–º–∏ –Ω–∞–∑–≤–∞–Ω–æ –Ω–µ –æ—Å–æ–±–æ —ç—Ñ—Ñ–µ–∫—Ç–∏–≤–Ω—ã–º...–ö —Å–æ–∂–∞–ª–µ–Ω–∏—é —Ç–æ–ª—å–∫–æ —Ñ–∏–Ω–∞–Ω—Å–æ–≤–∞—è —á–∞—Å—Ç—å —Å–∫–æ—Ä–µ–µ –≤—Å–µ–≥–æ –∏–Ω—Ç–µ—Ä–µ—Å—É–µ—Ç —Å–ø–µ—Ü–∏–∞–ª–∏—Å—Ç–æ–≤. –µ—â—ë",2.0
–ú–µ–¥–∏—Ü–∏–Ω—Å–∫–∏–π —Ü–µ–Ω—Ç—Ä –¥–æ–∫—Ç–æ—Ä–∞ –ë–æ–ª–¥—ã—Ä–µ–≤–∞,https://yandex.ru/maps/org/meditsinskiy_tsentr_doktora_boldyreva/112675622896/reviews,"–û—á–µ–Ω—å —Ö–æ—Ä–æ—à–∏–π —Ü–µ–Ω—Ç—Ä –ø–æ –ø—Ä–æ—Ñ–∏–ª—é –Ω–µ–≤—Ä–æ–ª–æ–≥–∏–∏. –î–æ–∫—Ç–æ—Ä–∞ –∑–∞—Å–ª—É–∂–∏–≤–∞—é—â–∏–µ —É–≤–∞–∂–µ–Ω–∏–µ .–ü–æ–¥—Ä–æ–±–Ω—ã–µ, –∞—Ä–≥—É–º–µ–Ω—Ç–∏—Ä–æ–≤–∞–Ω–Ω—ã–µ —Ä–µ–∫–æ–º–µ–Ω–¥–∞—Ü–∏–∏ –∏ –Ω–∞–∑–Ω–∞—á–µ–Ω–∏—è. –û—Ç–ª–∏—á–Ω–∞—è —Ä–∞–±–æ—Ç–∞ –≥—Ä—É–ø–ø—ã –∞–¥–º–∏–Ω–∏—Å—Ç—Ä–∏—Ä–æ–≤–∞–Ω–∏—è. –ü—Ä–æ—Ü–µ–¥—É—Ä—ã –ø—Ä–æ–≤–æ–¥—è—Ç—Å—è —Ö–æ—Ä–æ—à–∏–º–∏ —Å–ø–µ—Ü–∏–∞–ª–∏—Å—Ç–∞–º–∏.",5.0
–ú–µ–¥–∏—Ü–∏–Ω—Å–∫–∏–π —Ü–µ–Ω—Ç—Ä –¥–æ–∫—Ç–æ—Ä–∞ –ë–æ–ª–¥—ã—Ä–µ–≤–∞,https://yandex.ru/maps/org/meditsinskiy_tsentr_doktora_boldyreva/112675622896/reviews,"–ù–∞–±–ª—é–¥–∞–µ–º—Å—è 1.5 –≥–æ–¥–∞. –ú–æ–∂–µ—Ç —É –Ω–∞—Å —Å–ª—É—á–∞–π —Ç—è–∂—ë–ª—ã–π, –Ω–æ —Å–¥–≤–∏–≥–æ–≤ –Ω–∏–∫–∞–∫–∏—Ö, –º–æ–ª—á–∏—Ç, –≥–∏–ø–µ—Ä–∞–∫—Ç–∏–≤–Ω—ã–π, –ø—Ä–æ–±–ª–µ–º—ã —Å–æ —Å–Ω–æ–º, –ø–æ–≤–µ–¥–µ–Ω–∏–µ–º. –¢–∞–∫–∂–µ –±—ã–ª–∞ —Å–¥–µ–ª–∞–Ω–∞ –æ–ø—Ä–µ–¥–µ–ª—ë–Ω–Ω–∞—è –¥–∏–∞–≥–Ω–æ—Å—Ç–∏–∫–∞, –ø–æ –∫–æ—Ç–æ—Ä–æ–π –ø–æ–∫–∞–∑–∞–ª–æ –±–æ–ª—å—à—É—é –ø—Ä–æ–±–ª–µ–º—É. –í –∏—Ç–æ–≥–µ –º—ã –ø–æ—à–ª–∏ –≤ –¥–≤–∞ –¥—Ä—É–≥–∏—Ö —Ü–µ–Ω—Ç—Ä–∞ –ø–µ—Ä–µ–ø—Ä–æ–≤–µ—Ä–∏—Ç—å—Å—è, –∫–∞–∫ –æ–∫–∞–∑–∞–ª–æ—Å—å –≤—Å–µ —É –Ω–∞—Å —Ö–æ—Ä–æ—à–æ, –∑—Ä—è –Ω–µ—Ä–≤–Ω–∏—á–∞–ª–∏, —Ç–∞–∫ –∏ –¥–µ–Ω–µ–≥ –ø—Ä–æ—Å—Ç–æ —Ç–∞–∫ –∑–∞–ø–ª–∞—Ç–∏–ª–∏. –û—Ç–≥–æ–≤–∞—Ä–∏–≤–∞–ª –¥–µ–ª–∞—Ç—å –∏–Ω–≤–∞–ª–∏–¥–Ω–æ—Å—Ç—å, –ú–†–¢. –ß–∏—Ç–∞—é –ø–æ–ª–æ–∂–∏—Ç–µ–ª—å–Ω—ã–µ –æ—Ç–∑—ã–≤—ã, –Ω–µ—É–∂–µ–ª–∏ –≤—Å–µ–º –ø–æ–º–æ–≥–∞–µ—Ç, –∫—Ä–æ–º–µ –Ω–∞—Å? –î–æ–ø–æ–ª–Ω—è—é –æ—Ç–∑—ã–≤. –ü–æ—Å–ª–µ –ø—Ä–æ–≤–µ–¥—ë–Ω–Ω–æ–π –≤–∞–º–∏ –¥–∏–∞–≥–Ω–æ—Å—Ç–∏–∫–∏, –±—ã–ª–æ –æ–∑–≤—É—á–µ–Ω–æ, —á—Ç–æ –æ–Ω –ø–ª–æ—Ö–æ —Å–ª—ã—à–∏—Ç, –∏ —Å–∫–æ—Ä–µ–µ –≤—Å–µ–≥–æ –Ω—É–∂–µ–Ω —Å–ª—É—Ö–æ–≤–æ–π –∞–ø–ø–∞—Ä–∞—Ç –∏ –±–µ–≥–æ–º –Ω—É–∂–Ω–æ –∫ —Å—É—Ä–¥–æ–ª–æ–≥—É. –ü–æ—Å–ª–µ –ø—Ä–æ–≤–µ—Ä–∫–∏ —Å–ª—É—Ö–∞, –Ω–µ –±—ã–ª–æ –≤—ã—è–≤–ª–µ–Ω–æ –Ω–∏–∫–∞–∫–∏—Ö –Ω–∞—Ä—É—à–µ–Ω–∏–π. –¢–∞–∫–∏–º –æ–±—Ä–∞–∑–æ–º –ø–æ—Ç—Ä–∞—Ç–∏–ª–∏ –Ω–µ—Ä–≤—ã –∏ –¥–µ–Ω—å–≥–∏ –Ω–∞ —Å—É—Ä–¥–æ–ª–æ–≥–∞, –∫–æ–≥–¥–∞ –∫–∞–∂–¥–∞—è –∫–æ–ø–µ–π–∫–∞ –Ω–∞ —Å—á–µ—Ç—É, –≤–ø—É—Å—Ç—É—é. –ê –ø–æ –ø–æ–≤–æ–¥—É –∏–Ω–≤–∞–ª–∏–¥–Ω–æ—Å—Ç–∏, –Ω–∏–∫—Ç–æ –Ω–µ –≥–æ–≤–æ—Ä–∏—Ç, —á—Ç–æ –æ–Ω–∞ –ø–æ–º–æ–∂–µ—Ç –≤ —Ä–∞–∑–≤–∏—Ç–∏–∏. –ù–æ —Å–º—ã—Å–ª –±—ã–ª –Ω–∞—Å—Ç–æ–π—á–∏–≤–æ –æ—Ç–≥–æ–≤–∞—Ä–∏–≤–∞—Ç—å, –∫–æ–≥–¥–∞ —ç—Ç–æ –∏ –ª—å–≥–æ—Ç—ã, –∏ —Ä–∞–∑ –≤ –≥–æ–¥ —Ä–µ–∞–±–∏–ª–∏—Ç–∞—Ü–∏—è –Ω–∞ –º–æ—Ä–µ –∏ –º–∞—Ç–µ—Ä–∏–∞–ª—å–Ω–∞—è –ø–æ–º–æ—â—å. –Ø –≤ –∫—É—Ä—Å–µ, —á—Ç–æ –∏–Ω–≤–∞–ª–∏–¥–Ω–æ—Å—Ç—å –ø—Ä–µ–¥–ø–æ–ª–∞–≥–∞–µ—Ç, –µ—â–µ –∏ –Ω–µ–∫–æ—Ç–æ—Ä—ã–µ –æ–≥—Ä–∞–Ω–∏—á–µ–Ω–∏—è –≤–æ –≤–∑—Ä–æ—Å–ª–æ–º –≤–æ–∑—Ä–∞—Å—Ç–µ. –£–∂–µ –ø–æ–∏–Ω—Ç–µ—Ä–µ—Å–æ–≤–∞–ª–∏—Å—å. –Ø –Ω–∞–ø–∏—Å–∞–ª–∞ –æ—Ç–∑—ã–≤, —á—Ç–æ –Ω–∞–º –Ω–µ –ø–æ–º–æ–≥–ª–∏. –ù–∞–±–ª—é–¥–∞–ª–∏—Å—å —Ç–æ–ª—å–∫–æ —É –≤–∞—Å –∏ –Ω–∏–∫–∞–∫–∏—Ö –∏–∑–º–µ–Ω–µ–Ω–∏–π –Ω–µ –±—ã–ª–æ. –í—Å–µ. –µ—â—ë",2.0
–ú–µ–¥–∏—Ü–∏–Ω—Å–∫–∏–π —Ü–µ–Ω—Ç—Ä –¥–æ–∫—Ç–æ—Ä–∞ –ë–æ–ª–¥—ã—Ä–µ–≤–∞,https://yandex.ru/maps/org/meditsinskiy_tsentr_doktora_boldyreva/112675622896/reviews,"–ü—Ä–∏–µ–∑–∂–∞–µ–º —Ç—Ä–µ—Ç–∏–π —Ä–∞–∑ –∫ –¥–æ–∫—Ç–æ—Ä—É –ë–æ–ª–¥—ã—Ä–µ–≤—É, –µ—Å—Ç—å –ø–æ–ª–æ–∂–∏—Ç–µ–ª—å–Ω—ã–µ –∏–∑–º–µ–Ω–µ–Ω–∏—è –≤ —Ä–µ—á–∏ –∏ –ø–æ–≤–µ–¥–µ–Ω–∏–∏ —Ä–µ–±—ë–Ω–∫–∞, –Ω–∞ –ø—Ä–∏–µ–º–µ –∫–∞–∂–¥—ã–π —Ä–∞–∑ —É–∑–∏ –º–æ–∑–≥–∞, —Å–º–æ—Ç—Ä–∏–º –¥–∏–Ω–∞–º–∏–∫—É, –Ω–∞–∑–Ω–∞—á–µ–Ω–∏—è –≤—Å–µ –ø–æ –¥–µ–ª—É, –Ω–∏—á–µ–≥–æ –ª–∏—à–Ω–µ–≥–æ. –ü–µ—Ä—Å–æ–Ω–∞–ª –æ—á–µ–Ω—å –æ—Ç–∑—ã–≤—á–∏–≤—ã–π!",5.0
–ú–µ–¥–∏—Ü–∏–Ω—Å–∫–∏–π —Ü–µ–Ω—Ç—Ä –¥–æ–∫—Ç–æ—Ä–∞ –ë–æ–ª–¥—ã—Ä–µ–≤–∞,https://yandex.ru/maps/org/meditsinskiy_tsentr_doktora_boldyreva/112675622896/reviews,"–ë–ª–∞–≥–æ–¥–∞—Ä—é –≤—Ä–∞—á–µ–π –∏ –≤—Å–µ—Ö —Å–æ—Ç—Ä—É–¥–Ω–∏–∫–æ–≤ –º–µ–¥–∏—Ü–∏–Ω—Å–∫–æ–≥–æ —Ü–µ–Ω—Ç—Ä–∞ –∑–∞ –ø–æ–º–æ—â—å, –æ—Ç–∑—ã–≤—á–∏–≤–æ—Å—Ç—å –∏ —Å–µ–º–µ–π–Ω–æ–µ –∏ —Ç—ë–ø–ª–æ–µ –æ—Ç–Ω–æ—à–µ–Ω–∏–µ. –°–∞–º–∞ –Ω–∞–±–ª—é–¥–∞–ª–∞—Å—å —É –ë–æ–ª–¥—ã—Ä–µ–≤–∞ –í.–ì. –î–æ –±–µ—Ä–µ–º–µ–Ω–Ω–æ—Å—Ç–∏. –ö–æ–≥–¥–∞ —É–∑–Ω–∞–ª–∞, —á—Ç–æ –≤ –ø–æ–ª–æ–∂–µ–Ω–∏–∏ , –¥–æ–∫—Ç–æ—Ä –ø–æ—Å–æ–≤–µ—Ç–æ–≤–∞–ª –ø—Ä–æ–π—Ç–∏ –ø—Ä–æ—Ü–µ–¥—É—Ä—ã –≤ –∫–∞–º–µ—Ä–µ –≥–∏–ø–µ—Ä–±–∞—Ä–∏—á–µ—Å–∫–æ–π –æ–∫—Å–∏–≥–µ–Ω–∞—Ü–∏–∏, —á—Ç–æ–±—ã –∏–∑–±–µ–∂–∞—Ç—å –≤–Ω—É—Ç—Ä–∏—Ç—É—Ç—Ä–±–Ω–æ–π –≥–∏–ø–æ–∫—Å–∏–∏ –ø–ª–æ–¥–∞ ( –æ –µ–µ –ø–æ—Å–ª–µ–¥—Å—Ç–≤–∏—è—Ö –º–æ–∂–Ω–æ –ø—Ä–æ—á–∏—Ç–∞—Ç—å –≤ –∏–Ω—Ç–µ—Ä–Ω–µ—Ç–µ –∏–ª–∏ —Å–ø—Ä–æ—Å–∏—Ç—å —É –¥–æ–∫—Ç–æ—Ä–∞). –£ –º–µ–Ω—è –±—ã–ª –∂—É—Ç–∫–∏–π —Ç–æ–∫—Å–∏–∫–æ–∑ –∏ –ø–æ—Å–ª–µ –ø–µ—Ä–≤–æ–≥–æ —Å–µ–∞–Ω—Å–∞ –≤ –∫–∞–º–µ—Ä–µ - –º–Ω–µ —Å—Ç–∞–ª–æ –∑–Ω–∞—á–∏—Ç–µ–ª—å–Ω–æ –ª–µ–≥—á–µ!)) –ë–ª–∞–≥–æ–¥–∞—Ä—è –ø—Ä–æ—Ü–µ–¥—É—Ä–∞–º –≤ –∫–∞–º–µ—Ä–µ –≤—Å—é –±–µ—Ä–µ–º–µ–Ω–Ω–æ—Å—Ç—å –±—ã–ª —Ö–æ—Ä–æ—à–∏–π –∏ –∫—Ä–µ–ø–∫–∏–π —Å–æ–Ω. –ò –ø–æ —É–∑–∏ –≥–∏–Ω–µ–∫–æ–ª–æ–≥ –≤—Å–µ–≥–¥–∞ —Ä–∞–¥–æ–≤–∞–ª–∞ –ø—Ä–µ–∫—Ä–∞—Å–Ω—ã–º–∏ –ø–æ–∫–∞–∑–∞—Ç–µ–ª—è–º–∏ –º–∞–ª—ã—à–∫–∏! –°–∞–º–∏ –ø—Ä–æ—Ü–µ–¥—É—Ä—ã –ø—Ä–æ—Ö–æ–¥–∏–ª–∏ –º–∞–∫—Å–∏–º–∞–ª—å–Ω–æ –∫–æ–º—Ñ–æ—Ä—Ç–Ω–æ, –º–µ–¥—Å–µ—Å—Ç—Ä–∞ –∏–ª–∏ –¥–æ–∫—Ç–æ—Ä –≤—Å–µ–≥–¥–∞ –Ω–∞—Ö–æ–¥–∏–ª–∏—Å—å —Å–æ –º–Ω–æ–π. –ö–∞–º–µ—Ä–∞ —Å–æ–≤—Ä–µ–º–µ–Ω–Ω–∞—è, —è –±—Ä–∞–ª–∞ —Å —Å–æ–±–æ–π —Ç–µ–ª–µ—Ñ–æ–Ω –∏ —Å–ª—É—à–∞–ª–∞ —Ä–∞—Å—Å–ª–∞–±–ª—è—é—â—É—é –º—É–∑—ã–∫—É. –ë–ª–∞–≥–æ–¥–∞—Ä—è —Ç–æ–º—É, —á—Ç–æ –º—ã —Ä–µ—à–∏–ª–∏—Å—å –ø—Ä–æ–π—Ç–∏ –ø—Ä–æ—Ü–µ–¥—É—Ä—ã –∫–∏—Å–ª–æ—Ä–æ–¥–æ—Ç–µ—Ä–∞–ø–∏–∏, –Ω–∞—à –º–∞–ª—ã—à –±—ã—Å—Ç—Ä–æ –≤–æ—Å—Å—Ç–∞–Ω–æ–≤–∏–ª—Å—è –ø–æ—Å–ª–µ —Ä–æ–¥–æ–≤. –ü–ª–∞–Ω–∏—Ä—É–µ–º –µ—â—ë –∏ —Å –º–∞–ª—ã—à–∫–æ–π —Ö–æ–¥–∏—Ç—å –∏ –¥—ã—à–∞—Ç—å –∫–∏—Å–ª–æ—Ä–æ–¥–æ–º! –°–ø–∞—Å–∏–±–æ –º–µ–¥–∏—Ü–∏–Ω—Å–∫–æ–º—É —Ü–µ–Ω—Ç—Ä—É –¥–æ–∫—Ç–æ—Ä–∞ –ë–æ–ª–¥—ã—Ä–µ–≤–∞! –£—Å–ø–µ—Ö–æ–≤ –∏ –∑–¥–æ—Ä–æ–≤—å—è –≤—Å–µ–º –≤—Ä–∞—á–∞–º –∏ –∫–æ–ª–ª–µ–∫—Ç–∏–≤—É! –µ—â—ë",5.0
–ú–µ–¥–∏—Ü–∏–Ω—Å–∫–∏–π —Ü–µ–Ω—Ç—Ä –¥–æ–∫—Ç–æ—Ä–∞ –ë–æ–ª–¥—ã—Ä–µ–≤–∞,https://yandex.ru/maps/org/meditsinskiy_tsentr_doktora_boldyreva/112675622896/reviews,"–ü—Ä–æ—Ö–æ–¥–∏–ª–∏ –ª–µ—á–µ–Ω–∏–µ —É –ë–æ–ª–¥—ã—Ä–µ–≤–∞, –Ω–µ—Ç–∞–∫—Ç–∏—á–µ–Ω –ø–æ—Å–ª–µ –ø–æ—Å–ª–µ–¥–Ω–µ–≥–æ –ø—Ä–∏–µ–º–∞ –ø–æ–Ω—è–ª–∞, —á—Ç–æ –±–æ–ª—å—à–µ –Ω–µ –ø–æ–ª–µ—Ç–∏–º –≤ —ç—Ç—É –∫–ª–∏–Ω–∏–∫—É. –ß—Ç–æ –Ω–∞–∑–Ω–∞—á–∏–ª –≤ –ø–æ—Å–ª–µ–¥–Ω–∏–π —Ä–∞–∑ –±—ã–ª–æ –ø—Ä–æ—Ç–∏–≤–æ–ø–æ–∫–∞–∑–∞–Ω–æ.",1.0
–ú–µ–¥–∏—Ü–∏–Ω—Å–∫–∏–π —Ü–µ–Ω—Ç—Ä –¥–æ–∫—Ç–æ—Ä–∞ –ë–æ–ª–¥—ã—Ä–µ–≤–∞,https://yandex.ru/maps/org/meditsinskiy_tsentr_doktora_boldyreva/112675622896/reviews,"–•–æ—á—É –≤—ã—Ä–∞–∑–∏—Ç—å –æ–≥—Ä–æ–º–Ω—É—é –±–ª–∞–≥–æ–¥–∞—Ä–Ω–æ—Å—Ç—å –≤—Å–µ–º—É –∫–æ–ª–ª–µ–∫—Ç–∏–≤—É —Ü–µ–Ω—Ç—Ä–∞, –∏ –≤ —á–∞—Å—Ç–Ω–æ—Å—Ç–∏, –ë–æ–ª–¥—ã—Ä–µ–≤—É –í–ª–∞–¥–∏–º–∏—Ä—É –ì–µ–Ω–Ω–∞–¥—å–µ–≤–∏—á—É –∑–∞ –Ω–µ—Ä–∞–≤–Ω–æ–¥—É—à–∏–µ –∏ –ø—Ä–æ—Ñ–µ—Å—Å–∏–æ–Ω–∞–ª—å–Ω—ã–π –ø–æ–¥—Ö–æ–¥ –∫ –ª–µ—á–µ–Ω–∏—é. –û–±—Ä–∞—Ç–∏–ª–∞—Å—å –≤ –æ–∫—Ç—è–±—Ä–µ 2021 –≥–æ–¥–∞ —Å –∂–∞–ª–æ–±–∞–º–∏ –Ω–∞ –Ω–µ–ø—Ä–µ–∫—Ä–∞—â–∞—é—â–∏–µ—Å—è –≥–æ–ª–æ–≤–Ω—ã–µ –±–æ–ª–∏ –∏ –ø—Ä–µ—Ä—ã–≤–∏—Å—Ç—ã–π —Å–æ–Ω. –í—Ä–∞—á –≤–Ω–∏–º–∞—Ç–µ–ª—å–Ω–æ –≤—ã—Å–ª—É—à–∞–ª, —Å–¥–µ–ª–∞–ª –£–ó–ò, –ø–æ —Ä–µ–∑—É–ª—å—Ç–∞—Ç–∞–º –∫–æ—Ç–æ—Ä–æ–≥–æ –Ω–∞–∑–Ω–∞—á–∏–ª –ª–µ—á–µ–Ω–∏–µ –∏ –Ω–∞–ø—Ä–∞–≤–∏–ª –Ω–∞ –ø—Ä–æ—Ü–µ–¥—É—Ä—É –∫–∏—Å–ª–æ—Ä–æ–¥–æ—Ç–µ—Ä–∞–ø–∏–∏. –†–µ–∑—É–ª—å—Ç–∞—Ç–æ–º —è –æ—Å—Ç–∞–ª–∞—Å—å –æ—á–µ–Ω—å –¥–æ–≤–æ–ª—å–Ω–∞, –ø—Ä–æ—à–ª–∞ –∫—É—Ä—Å –∏–∑ 10 —Å–µ–∞–Ω—Å–æ–≤ –≤ –±–∞—Ä–æ–∫–∞–º–µ—Ä–µ –∏ –∑–∞–º–µ—Ç–∏–ª–∞ –∑–Ω–∞—á–∏—Ç–µ–ª—å–Ω—ã–µ —É–ª—É—á—à–µ–Ω–∏—è. –°–æ–Ω –Ω–æ—Ä–º–∞–ª–∏–∑–æ–≤–∞–ª—Å—è, —É—à–ª–∞ —Ç—Ä–µ–≤–æ–∂–Ω–æ—Å—Ç—å, –±—É–¥—Ç–æ —Å—Ç–∞–ª–∞ —è—Å–Ω–µ–µ –º—ã—Å–ª–∏—Ç—å. –û–±—è–∑–∞—Ç–µ–ª—å–Ω–æ –µ—â–µ —Ä–∞–∑ –ø—Ä–æ–π–¥—É –¥–∞–Ω–Ω—ã–π –∫—É—Ä—Å –∏ —Å —É–¥–æ–≤–æ–ª—å—Å—Ç–≤–∏–µ–º –ø—Ä–∏–¥—É –Ω–∞ –ø—Ä–∏–µ–º. –í–ª–∞–¥–∏–º–∏—Ä –ì–µ–Ω–Ω–∞–¥—å–µ–≤–∏—á - –≤—Ä–∞—á —Å –±–æ–ª—å—à–æ–π –±—É–∫–≤—ã, –∫–æ—Ç–æ—Ä—ã–π –∏—Å–∫—Ä–µ–Ω–Ω–µ –Ω–∞—Ü–µ–ª–µ–Ω –Ω–∞ –ø–æ–º–æ—â—å —Å–≤–æ–∏–º –ø–∞—Ü–∏–µ–Ω—Ç–∞–º! –µ—â—ë",5.0
–ú–µ–¥–∏—Ü–∏–Ω—Å–∫–∏–π —Ü–µ–Ω—Ç—Ä –¥–æ–∫—Ç–æ—Ä–∞ –ë–æ–ª–¥—ã—Ä–µ–≤–∞,https://yandex.ru/maps/org/meditsinskiy_tsentr_doktora_boldyreva/112675622896/reviews,"–í—Ä–∞—á –∏ –¥–∏–∞–≥–Ω–æ—Å—Ç —Å –±–æ–ª—å—à–æ–π –±—É–∫–≤—ã. –†–µ–∫–æ–º–µ–Ω–¥—É—é –≤—Å–µ–º –∏ –≤—Å–µ–≥–¥–∞. –ü–æ–¥–±–∏—Ä–∞–µ—Ç –≥—Ä–∞–º–æ—Ç–Ω–æ–µ –∏–Ω–¥–∏–≤–∏–¥—É–∞–ª—å–Ω–æ–µ –ª–µ—á–µ–Ω–∏–µ, —Å–æ–≤—Ä–µ–º–µ–Ω–Ω–æ–µ –æ–±–æ—Ä—É–¥–æ–≤–∞–Ω–∏–µ, –∫–æ—Ä—Ä–µ–∫—Ç–Ω—ã–π –ø–æ–¥—Ö–æ–¥! –¶–µ–Ω—Ç—Ä —Ä–∞—Å—à–∏—Ä—è–µ—Ç—Å—è! –î–∏–∞–≥–Ω–æ—Å—Ç–∏—á–µ—Å–∫–∏–π —Ü–µ–Ω—Ç—Ä —á–∏—Å—Ç—ã–π. –ö—Ä–∞—Å–∏–≤—ã–π. –°–∞–º –í—Ä–∞—á –í–ª–∞–¥–∏–º–∏—Ä –ì–µ–Ω–Ω–∞–¥—å–µ–≤–∏—á –æ—Ç –ë–æ–≥–∞.",5.0
–ú–µ–¥–∏—Ü–∏–Ω—Å–∫–∏–π —Ü–µ–Ω—Ç—Ä –¥–æ–∫—Ç–æ—Ä–∞ –ë–æ–ª–¥—ã—Ä–µ–≤–∞,https://yandex.ru/maps/org/meditsinskiy_tsentr_doktora_boldyreva/112675622896/reviews,"–ú—ã –∫–ª–∏–µ–Ω—Ç—ã –¥–∞–Ω–Ω–æ–≥–æ —Ü–µ–Ω—Ç—Ä–∞,—É–∂–µ –Ω–µ –ø–µ—Ä–≤—ã–π –≥–æ–¥ –≤—ã–±–∏—Ä–∞–µ–º. –ù—Ä–∞–≤–∏—Ç—Å—è,—á—Ç–æ –ø—Ä–∏—ë–º –ø–ª—é—Å —É–∑–¥–≥...–∏ –¥–∞–ª—å–Ω–µ–π—à–µ–º –≤ –¥–∏–Ω–∞–º–∏–∫–µ –º–æ–∂–Ω–æ —Å–º–æ—Ç—Ä–µ—Ç—å...–∏ –Ω–µ –Ω—É–∂–Ω–æ –æ—Ç–¥–µ–ª—å–Ω–æ –≥–¥–µ —Ç–æ –ø—Ä–æ—Ö–æ–¥–∏—Ç—å. –û—á –∫–ª–∞—Å—Å–Ω–æ, –¥–æ–∫—Ç–æ—Ä –ë–æ–ª–¥—ã—Ä–µ–≤ –≤—Å–µ–≥–¥–∞ –æ—Ç–≤–µ—á–∞–µ—Ç –Ω–∞ –≤—Å–µ –∏–Ω—Ç–µ—Ä–µ—Å—É—é—â–∏–µ –≤–æ–ø—Ä–æ—Å—ã,—á—ë—Ç–∫–æ –∏ –ø–æ–Ω—è—Ç–Ω–æ",5.0
–ú–µ–¥–∏—Ü–∏–Ω—Å–∫–∏–π —Ü–µ–Ω—Ç—Ä –¥–æ–∫—Ç–æ—Ä–∞ –ë–æ–ª–¥—ã—Ä–µ–≤–∞,https://yandex.ru/maps/org/meditsinskiy_tsentr_doktora_boldyreva/112675622896/reviews,–°–ø–∞—Å–∏–±–æ –í–ª–∞–¥–∏–º–∏—Ä—É –ì–µ–Ω–Ω–∞–¥—å–µ–≤–∏—á—É –∏ –≤—Å–µ–º —Å–æ—Ç—Ä—É–¥–Ω–∏–∫–∞–º. –ü–æ—Å–µ—â–∞–µ–º —Ü–µ–Ω—Ç—Ä —É–∂–µ –Ω–µ—Å–∫–æ–ª—å–∫–æ –ª–µ—Ç. –ù–∞–º –Ω–∞–∑–Ω–∞—á–µ–Ω–∏—è –í–ª–∞–¥–∏–º–∏—Ä–∞ –ì–µ–Ω–Ω–∞–¥—å–µ–≤–∏—á–∞ –ø–æ–º–æ–≥–∞—é—Ç. –†–µ–±–µ–Ω–æ–∫ –º–µ–Ω—è–µ—Ç—Å—è –≤ –ª—É—á—à—É—é —Å—Ç–æ—Ä–æ–Ω—É.,5.0
–ú–µ–¥–∏—Ü–∏–Ω—Å–∫–∏–π —Ü–µ–Ω—Ç—Ä –¥–æ–∫—Ç–æ—Ä–∞ –ë–æ–ª–¥—ã—Ä–µ–≤–∞,https://yandex.ru/maps/org/meditsinskiy_tsentr_doktora_boldyreva/112675622896/reviews,"–î–æ–∫—Ç–æ—Ä –ë–æ–ª–¥—ã—Ä–µ–≤ - —É–Ω–∏–∫–∞–ª—å–Ω—ã–π, —Ç–∞–ª–∞–Ω—Ç–ª–∏–≤—ã–π —á–µ–ª–æ–≤–µ–∫. –Ø –±—ã —Å–∫–∞–∑–∞–ª –¥–∞–∂–µ —Ñ–µ–π. –ü–µ—á–∞–ª—å–Ω–æ, —á—Ç–æ –≤ —Ä–∞–π–æ–Ω–Ω—ã—Ö –ø–æ–ª–∏–∫–ª–∏–Ω–∏–∫–∞—Ö —Ç–∞–∫–∏—Ö —Å–ø–µ—Ü–∏–∞–ª–∏—Å—Ç–æ–≤ –Ω–µ—Ç. –î–ª—è –º–µ–Ω—è –Ω–∞—Å—Ç–æ—è—â–µ–µ –ë–æ–ª–¥—ã—Ä–µ–≤ - –æ—Ç–∫—Ä—ã—Ç–∏–µ, –∏ —Ä–∞–¥, —á—Ç–æ –º—ã –Ω–µ –æ–ø–æ–∑–¥–∞–ª–∏ —Å –¥–∏–∞–≥–Ω–æ—Å—Ç–∏–∫–æ–π –∏ –ª–µ—á–µ–Ω–∏–µ–º. –î—Ä—É–≥–∏–µ —É–∑–∏—Å—Ç—ã, –∞ –º—ã –∏—Ö –∑–∞ 10 –ª–µ—Ç –ø—Ä–æ—à–ª–∏ –∫—É—á—É, –∏ —Ä—è–¥–æ–º –Ω–µ —Å—Ç–æ—è–ª–∏ —Å –¥–∞–Ω–Ω—ã–º —Å–ø–µ—Ü–∏–∞–ª–∏—Å—Ç–æ–º. –ë–æ–ª–¥—ã—Ä–µ–≤—ã–º –±—ã–ª –ø–æ—Å—Ç–∞–≤–ª–µ–Ω –¥–∏–∞–≥–Ω–æ–∑, —á–µ–≥–æ –∫–∞—Ç–µ–≥–æ—Ä–∏—á–µ—Å–∫–∏ –Ω–µ –¥–µ–ª–∞–ª–∏ —É–∑–∏—Å—Ç—ã –∏–∑ —Ä–∞–π–æ–Ω–Ω–æ–π –ø–æ–ª–∏–∫–ª–∏–Ω–∏–∫–∏, –∫–∞–∫ –±—É–¥—Ç–æ –±–æ—è–ª–∏—Å—å —á–µ–≥–æ-—Ç–æ. ""–ò–¥–∏—Ç–µ –∫ –ø—Å–∏—Ö–∏–∞—Ç—Ä—É, –æ–Ω –ø–æ—Å—Ç–∞–≤–∏—Ç –¥–∏–∞–≥–Ω–æ–∑, —è –Ω–µ –º–æ–≥—É, —è —Ç–æ–ª—å–∫–æ –¥–∏–∞–≥–Ω–æ—Å—Ç–∏–∫—É –¥–µ–ª–∞—é"". –ú—ã –ø–æ—à–ª–∏, –Ω–µ –≤–æ–ø—Ä–æ—Å. –ù–æ –ø—Å–∏—Ö–∏–∞—Ç—Ä —É–∑–∏ –≥–æ–ª–æ–≤–Ω–æ–≥–æ –º–æ–∑–≥–∞ –Ω–µ –¥–µ–ª–∞–µ—Ç. –í –æ–±—â–µ–º, –∫–∞–∂–¥–æ–º—É —Å–≤–æ–π –¥–æ–∫—Ç–æ—Ä, –ø–∞—Ä–∏–∫–º–∞—Ö–µ—Ä –∏ –∞–¥–≤–æ–∫–∞—Ç. –µ—â—ë",5.0
–ú–µ–¥–∏—Ü–∏–Ω—Å–∫–∏–π —Ü–µ–Ω—Ç—Ä –¥–æ–∫—Ç–æ—Ä–∞ –ë–æ–ª–¥—ã—Ä–µ–≤–∞,https://yandex.ru/maps/org/meditsinskiy_tsentr_doktora_boldyreva/112675622896/reviews,"–£–Ω–∏–∫–∞–ª—å–Ω—ã–π —Ü–µ–Ω—Ç—Ä , —É–Ω–∏–∫–∞–ª—å–Ω–∞—è –º–µ—Ç–æ–¥–∏–∫–∞ . –ü–æ–∫–∞ –Ω–µ –≤–∏–∂—É –∞–ª—å—Ç–µ—Ä–Ω–∞—Ç–∏–≤–Ω—ã—Ö –ø–æ –ª–µ—á–µ–Ω–∏—é –¥–µ—Ç–µ–π —Å –û–í–ó.",5.0
–ú–µ–¥–∏—Ü–∏–Ω—Å–∫–∏–π —Ü–µ–Ω—Ç—Ä –¥–æ–∫—Ç–æ—Ä–∞ –ë–æ–ª–¥—ã—Ä–µ–≤–∞,https://yandex.ru/maps/org/meditsinskiy_tsentr_doktora_boldyreva/112675622896/reviews,"–ü–æ—Å–µ—â–∞–µ–º –º–µ–¥–∏—Ü–∏–Ω—Å–∫–∏–π —Ü–µ–Ω—Ç—Ä —Å —Å–∞–º–æ–≥–æ –æ—Ç–∫—Ä—ã—Ç–∏—è. –•–æ—á–µ—Ç—Å—è –≤—ã—Ä–∞–∑–∏—Ç—å –æ–≥—Ä–æ–º–Ω—É—é –±–ª–∞–≥–æ–¥–∞—Ä–Ω–æ—Å—Ç—å –≤—Å–µ–º—É –ø–µ—Ä—Å–æ–Ω–∞–ª—É –º–µ–¥. —Ü–µ–Ω—Ç—Ä–∞ –∑–∞ –≤—ã—Å–æ–∫–∏–π —É—Ä–æ–≤–µ–Ω—å —Å–µ—Ä–≤–∏—Å–∞, –ø—Ä–æ—Ñ–µ—Å—Å–∏–æ–Ω–∞–ª–∏–∑–º, –≤–Ω–∏–º–∞—Ç–µ–ª—å–Ω–æ–µ –æ—Ç–Ω–æ—à–µ–Ω–∏–µ –Ω–µ —Ç–æ–ª—å–∫–æ –∫ –º–∞–ª–µ–Ω—å–∫–∏–º –ø–∞—Ü–∏–µ–Ω—Ç–∞–º, –Ω–æ –∏ –∫ –∏—Ö —Ä–æ–¥–∏—Ç–µ–ª—è–º. –°–ø–∞—Å–∏–±–æ. –ù–∏–∑–∫–∏–π –í–∞–º –ø–æ–∫–ª–æ–Ω –∑–∞ –í–∞—à —Ç—Ä—É–¥ –∏ –æ—Ç–Ω–æ—à–µ–Ω–∏–µ –∫ –ª—é–¥—è–º! –í–ª–∞–¥–∏–º–∏—Ä –ì–µ–Ω–Ω–∞–¥–∏–µ–≤–∏—á –∑–∞–º–µ—á–∞—Ç–µ–ª—å–Ω—ã–π –¥–æ–∫—Ç–æ—Ä. –°–ø–∞—Å–∏–±–æ –≤—Å–µ–º. –µ—â—ë",5.0
–ú–µ–¥–∏—Ü–∏–Ω—Å–∫–∏–π —Ü–µ–Ω—Ç—Ä –¥–æ–∫—Ç–æ—Ä–∞ –ë–æ–ª–¥—ã—Ä–µ–≤–∞,https://yandex.ru/maps/org/meditsinskiy_tsentr_doktora_boldyreva/112675622896/reviews,"–¢–æ–∂–µ –∑–∞—Ö–æ—Ç–µ–ª–æ—Å—å –æ—Å—Ç–∞–≤–∏—Ç—å –æ—Ç–∑—ã–≤, –Ω–∞–±–ª—é–¥–∞–µ–º—Å—è —É –í–ª–∞–¥–∏–º–∏—Ä–∞ –ì–µ–Ω–Ω–∞–¥—å–µ–≤–∏—á–∞ —É–∂–µ 2 –≥–æ–¥–∞, —Ä–µ–≥—É–ª—è—Ä–Ω–æ –≤–∏–¥–∏–º –ø—Ä–æ–≥—Ä–µ—Å—Å –≤ —Ä–∞–∑–≤–∏—Ç–∏–∏, –Ω–æ—Ä–º–∞–ª–∏–∑–æ–≤–∞–ª—Å—è —Å–æ–Ω, –ø–æ—è–≤–∏–ª–æ—Å—å –ø–æ–¥—Ä–∞–∂–∞–Ω–∏–µ, —É–ª—É—á—à–∏–ª–æ—Å—å –ø–æ–Ω–∏–º–∞–Ω–∏–µ –æ–±—Ä–∞—â–µ–Ω–Ω–æ–π —Ä–µ—á–∏ (—Ä–∞–∑—É–º–µ–µ—Ç—Å—è –≤ –∫–æ–º–ø–ª–µ–∫—Å–µ —Å –∑–∞–Ω—è—Ç–∏—è–º–∏) –∏ –µ—â–µ –º–Ω–æ–≥–æ –≤—Å–µ–≥–æ, –≤—Ä–∞—á –æ—Ç –ë–æ–≥–∞ ü´∂üèª –∫–∞–∂–¥—ã–π —Ä–∞–∑ —Å –Ω–µ—Ç–µ—Ä–ø–µ–Ω–∏–µ–º –∂–¥—É –ø—Ä–∏–µ–º–∞ üå∏",5.0
–ú–µ–¥–∏—Ü–∏–Ω—Å–∫–∏–π —Ü–µ–Ω—Ç—Ä –¥–æ–∫—Ç–æ—Ä–∞ –ë–æ–ª–¥—ã—Ä–µ–≤–∞,https://yandex.ru/maps/org/meditsinskiy_tsentr_doktora_boldyreva/112675622896/reviews,"–í —Ü–µ–Ω—Ç—Ä –ø–æ–ø–∞–ª–∏ –ø–æ —Å–æ–≤–µ—Ç—É, —Ç–∫ —Ç–∞–∫–∏—Ö —Ü–µ–Ω—Ç—Ä–æ–≤ –∏ —Å–ø–µ—Ü–∏–∞–ª–∏—Å—Ç–æ–≤ –≤ –ú–æ—Å–∫–≤–µ –º–∞–ª–æ. –ö–ª–∏–µ–Ω—Ç–æ–æ—Ä–∏–µ–Ω—Ç–∏—Ä–æ–≤–∞–Ω—ã, —Å–ø–µ—Ü–∏–∞–ª–∏—Å—Ç—ã –≤—ã—Å–æ–∫–æ–≥–æ —É—Ä–æ–≤–Ω—è",5.0
–ú–µ–¥–∏—Ü–∏–Ω—Å–∫–∏–π —Ü–µ–Ω—Ç—Ä –¥–æ–∫—Ç–æ—Ä–∞ –ë–æ–ª–¥—ã—Ä–µ–≤–∞,https://yandex.ru/maps/org/meditsinskiy_tsentr_doktora_boldyreva/112675622896/reviews,–û—á–µ–Ω—å —Ö–æ—Ä–æ—à–∏–π –¥–æ–∫—Ç–æ—Ä,5.0
–ú–µ–¥–∏—Ü–∏–Ω—Å–∫–∏–π —Ü–µ–Ω—Ç—Ä –¥–æ–∫—Ç–æ—Ä–∞ –ë–æ–ª–¥—ã—Ä–µ–≤–∞,https://yandex.ru/maps/org/meditsinskiy_tsentr_doktora_boldyreva/112675622896/reviews,–•–æ—Ä–æ—à–∞—è –∫–ª–∏–Ω–∏–∫–∞!,5.0
–ú–µ–¥–∏—Ü–∏–Ω—Å–∫–∏–π —Ü–µ–Ω—Ç—Ä –¥–æ–∫—Ç–æ—Ä–∞ –ë–æ–ª–¥—ã—Ä–µ–≤–∞,https://yandex.ru/maps/org/meditsinskiy_tsentr_doktora_boldyreva/112675622896/reviews,"–ü—Ä–∏ –≤–æ–∑–Ω–∏–∫–Ω–æ–≤–µ–Ω–∏—è –ø—Ä–æ–±–ª–µ–º—ã, –≤—Ä–∞—á —É–¥–µ–ª–µ–Ω–æ –Ω–µ –ø–æ–º–æ–≥. –•–æ—Ç—è –æ–±–µ—â–∞–ª–∏ –¥–∏—Å—Ç–∞–Ω—Ü–∏–ª–Ω—É—é –ø–æ–¥–¥–µ—Ä–∂–∫—É",1.0
–ú–µ–¥–∏—Ü–∏–Ω—Å–∫–∏–π —Ü–µ–Ω—Ç—Ä –¥–æ–∫—Ç–æ—Ä–∞ –ë–æ–ª–¥—ã—Ä–µ–≤–∞,https://yandex.ru/maps/org/meditsinskiy_tsentr_doktora_boldyreva/112675622896/reviews,"–õ–µ—á–∏–º —Å—ã–Ω–æ—á–∫–∞ —É —ç—Ç–æ–≥–æ –¥–æ–∫—Ç–æ—Ä–∞! –ü—Ä–æ–≥—Ä–µ—Å—Å –Ω–∞–ª–∏—Ü–æ. –°–∞–º –¥–æ–∫—Ç–æ—Ä, –∫–∞–∫ –µ–≥–æ –ø–µ—Ä—Å–æ–Ω–∞–ª, –≤—Å–µ–≥–¥–∞ –≤–µ–∂–ª–∏–≤—ã –∏ —É—á—Ç–∏–≤—ã. –ê—Ç–º–æ—Å—Ñ–µ—Ä–∞ –ø—Ä–∏—è—Ç–Ω–∞—è. –î–∞ –∏ –∑–Ω–∞—é—â–∏–µ –¥–æ–∫—Ç–æ—Ä–∞ —Å–ø–µ—Ü–∏–∞–ª–∏—Å—Ç—ã –æ—Ç–∑—ã–≤–∞—é—Ç—Å—è –æ –Ω–µ–º –∫–∞–∫ –æ –ø—Ä–µ–∫—Ä–∞—Å–Ω–æ–º —Å–ø–µ—Ü–∏–∞–ª–∏—Å—Ç–µ!",5.0
–ú–µ–¥–∏—Ü–∏–Ω—Å–∫–∏–π —Ü–µ–Ω—Ç—Ä –¥–æ–∫—Ç–æ—Ä–∞ –ë–æ–ª–¥—ã—Ä–µ–≤–∞,https://yandex.ru/maps/org/meditsinskiy_tsentr_doktora_boldyreva/112675622896/reviews,"–ë—ã–ª–∏ —É –í–∞–ª–µ–Ω—Ç–∏–Ω–∞ –ü–∞–≤–ª–æ–≤–∏—á–∞! –°—É–ø–µ—Ä –¥–æ–∫—Ç–æ—Ä! –û—á–µ–Ω—å –∫–æ–º–ø–µ—Ç–µ–Ω—Ç–Ω—ã–π –≤—Ä–∞—á. –ï—Å–ª–∏ –í—ã –∏—â–µ—Ç–µ —Ö–æ—Ä–æ—à–µ–≥–æ –Ω–µ–≤—Ä–æ–ª–æ–≥–∞,—Ç–æ –í–∞–º –ø—Ä—è–º–∞—è –¥–æ—Ä–æ–≥–∞ –≤ –ú–¶ –¥–æ–∫—Ç–æ—Ä–∞ –ë–æ–ª–¥—ã—Ä–µ–≤–∞. –í—Å—ë —Ä–∞—Å—Å–∫–∞–∂—É—Ç,—Ä–∞–∑—ä—è—Å–Ω—è—Ç,–Ω–∞–∑–Ω–∞—á–∞—Ç –Ω—É–∂–Ω–æ–µ –ª–µ—á–µ–Ω–∏–µ. –í—Å–µ –ø–æ –ø–æ–ª–æ—á–∫–∞–º —Ä–∞–∑–ª–æ–∂–∞—Ç,–Ω–∏–∫–∞–∫–æ–π –ª–∏—à–Ω–µ–π –≤–æ–¥—ã!",5.0
–ú–µ–¥–∏—Ü–∏–Ω—Å–∫–∏–π —Ü–µ–Ω—Ç—Ä –¥–æ–∫—Ç–æ—Ä–∞ –ë–æ–ª–¥—ã—Ä–µ–≤–∞,https://yandex.ru/maps/org/meditsinskiy_tsentr_doktora_boldyreva/112675622896/reviews,"–ù–∞—Å –≤–µ–¥—ë—Ç —Å–ø–µ—Ü–∏–∞–ª–∏—Å—Ç –°—Ç—É–ø–∞–∫ –í–∞–ª–µ–Ω—Ç–∏–Ω –ü–∞–≤–ª–æ–≤–∏—á, –ª–µ—á–µ–Ω–∏–µ –ø–æ—Ç–∏—Ö–æ–Ω—å–∫—É –¥–∞–µ—Ç —Å–≤–æ–∏ –ø–ª–æ–¥—ã, –º–µ–¥–ª–µ–Ω–Ω–æ, –Ω–æ –≤–µ—Ä–Ω–æ –ø—ã—Ç–∞–µ–º—Å—è –≤—ã–≤–µ—Å—Ç–∏ —Ä–µ–±–µ–Ω–∫–∞ –¥–æ —É—Ä–æ–≤–Ω—è. –í—Å–µ–≥–¥–∞ –≤–µ–∂–ª–∏–≤—ã–π –ø–µ—Ä—Å–æ–Ω–∞–ª, —á–∏—Å—Ç—ã–µ –∫–∞–±–∏–Ω–µ—Ç—ã.",5.0
–ú–µ–¥–∏—Ü–∏–Ω—Å–∫–∏–π —Ü–µ–Ω—Ç—Ä –¥–æ–∫—Ç–æ—Ä–∞ –ë–æ–ª–¥—ã—Ä–µ–≤–∞,https://yandex.ru/maps/org/meditsinskiy_tsentr_doktora_boldyreva/112675622896/reviews,"–í–µ–ª–∏–∫–æ–ª–µ–ø–Ω—ã–π –¥–æ–∫—Ç–æ—Ä!! –í–ª–∞–¥–∏–º–∏—Ä –ì–µ–Ω–Ω–∞–¥—å–µ–≤–∏—á –≤—Å—ë –æ–±—ä—è—Å–Ω—è–µ—Ç –≤–Ω—è—Ç–Ω–æ –∏ –µ—Å–ª–∏ —á—Ç–æ-—Ç–æ –Ω–µ –ø–æ–Ω—è—Ç–Ω–æ, –≤—Å–µ–≥–¥–∞ —Ä–∞–∑–ª–æ–∂–∏—Ç ¬´–ø–æ –ø–æ–ª–æ—á–∫–∞–º¬ª. –ü–µ—Ä–≤—ã–π —Ä–∞–∑ –ø–æ–ø–∞–ª–∏ –Ω–∞ –ø—Ä–∏–µ–º –≤ —è–Ω–≤–∞—Ä–µ 2021, –Ω–∞ –ø–æ–≤—Ç–æ—Ä–Ω–æ–º –ø—Ä–∏–µ–º–µ, —É–∂–µ –ø–æ –æ–±—Å–ª–µ–¥–æ–≤–∞–Ω–∏—è–º –±—ã–ª–∏ –≤–∏–¥–Ω—ã —Ö–æ—Ä–æ—à–∏–µ –∏–∑–º–µ–Ω–µ–Ω–∏—è –∏ —è —Å–∞–º–∞ –∏—Ö –∑–∞–º–µ—Ç–∏–ª–∞ –ø–æ —Ä–µ–±–µ–Ω–∫—É. –¢–∞–∫ –∂–µ –≤ –∫–ª–∏–Ω–∏–∫–µ –µ—Å—Ç—å –ø—Ä–æ—Ü–µ–¥—É—Ä—ã –∫–∏—Å–ª–æ—Ä–æ–¥–æ—Ç–µ—Ä–∞–ø–∏–∏ (–ì–ë–û), –º—ã —Å–µ–π—á–∞—Å –ø—Ä–æ—Ö–æ–¥–∏–º —ç—Ç—É —Ç–µ—Ä–∞–ø–∏—é. –ò–∑–º–µ–Ω–µ–Ω–∏—è —á—É–≤—Å—Ç–≤—É—é –¥–∞–∂–µ —è –Ω–∞ —Å–µ–±–µ ( —Ç–∞–∫ –∫–∞–∫ —Å —Ä–µ–±–µ–Ω–∫–æ–º —è –Ω–∞—Ö–æ–∂—É—Å—å –≤–º–µ—Å—Ç–µ –≤ —ç—Ç–æ–π –±–∞—Ä–æ–∫–∞–º–µ—Ä–µ). –¶–µ–Ω–∞ –ø—Ä–∏–µ–º–∞ - —Å—Ç–æ–∏—Ç —Å–≤–æ–µ–≥–æ —Ä–µ–∑—É–ª—å—Ç–∞—Ç–∞! –µ—â—ë",5.0
–ú–µ–¥–∏—Ü–∏–Ω—Å–∫–∏–π —Ü–µ–Ω—Ç—Ä –¥–æ–∫—Ç–æ—Ä–∞ –ë–æ–ª–¥—ã—Ä–µ–≤–∞,https://yandex.ru/maps/org/meditsinskiy_tsentr_doktora_boldyreva/112675622896/reviews,"–û—á–µ–Ω—å —Ö–æ—Ä–æ—à–∏–π –º–µ–¥ —Ü–µ–Ω—Ç—Ä, —Å—Ä–∞–∑—É –¥–µ–ª–∞—é—Ç –Ω—É–∂–Ω—ã–µ –æ–±—Å–ª–µ–¥–æ–≤–∞–Ω–∏—è , –≥—Ä–∞–º–æ—Ç–Ω—ã–µ –≤—Ä–∞—á–∏ . –ë—ã–ª–∏ —É –°—Ç—É–ø–∞–∫.",5.0
–ú–µ–¥–∏—Ü–∏–Ω—Å–∫–∏–π —Ü–µ–Ω—Ç—Ä –¥–æ–∫—Ç–æ—Ä–∞ –ë–æ–ª–¥—ã—Ä–µ–≤–∞,https://yandex.ru/maps/org/meditsinskiy_tsentr_doktora_boldyreva/112675622896/reviews,"–í–ª–∞–¥–∏–º–∏—Ä –ì–µ–Ω–Ω–∞–¥—å–µ–≤–∏—á –≤–Ω–∏–º–∞—Ç–µ–ª—å–Ω—ã–π, –æ–ø—ã—Ç–Ω—ã–π –≤—Ä–∞—á, –≤—Å–µ–≥–¥–∞ –Ω–∞–∑–Ω–∞—á–∞–µ—Ç –≥—Ä–∞–º–æ—Ç–Ω—ã–π –ø–ª–∞–Ω —Ä–µ–∞–±–∏–ª–∏—Ç–∞—Ü–∏–∏. –î–∞–∂–µ –ø—Å–∏—Ö–∏–∞—Ç—Ä –≤–∏–¥—è —Ö–æ—Ä–æ—à—É—é –¥–∏–Ω–∞–º–∏–∫—É —É —Ä–µ–±—ë–Ω–∫–∞ –∏–Ω—Ç–µ—Ä–µ—Å—É–µ—Ç—Å—è –º–Ω–µ–Ω–∏–µ–º –≤—Ä–∞—á–∞-–Ω–µ–≤—Ä–æ–ª–æ–≥–∞ –∏ –Ω–µ –Ω–∞–∑–Ω–∞—á–∞–µ—Ç –¥—Ä—É–≥–æ–µ –ª–µ—á–µ–Ω–∏–µ. –ü–æ—Å–ª–µ –∫—É—Ä—Å–∞ –∫–∏—Å–ª–æ—Ä–æ–¥–æ—Ç–µ—Ä–∞–ø–∏–∏ –ø—Ä–æ—à–ª–æ –ø–∞—Ä—É –¥–Ω–µ–π, –∞ –º–æ–π —Ä–µ–±—ë–Ω–æ–∫ —É–∂–µ —Å–ø—Ä–∞—à–∏–≤–∞–µ—Ç –∫–æ–≥–¥–∞ –ø–æ–µ–¥–µ–º –≤ –ú–¶ –Ω–∞ –ª–µ—á–µ–Ω–∏–µ. –î–µ—Ç—è–º –æ—á–µ–Ω—å –Ω—Ä–∞–≤–∏—Ç—Å—è –¥–æ–∫—Ç–æ—Ä –ë–æ–ª–¥—ã—Ä–µ–≤, –æ–Ω –≤—Å–µ–≥–¥–∞ —Å–ø–æ–∫–æ–π–Ω—ã–π, –¥–æ–±—Ä–æ–∂–µ–ª–∞—Ç–µ–ª—å–Ω—ã–π. –í –º–µ–¥–∏—Ü–∏–Ω—Å–∫–æ–º —Ü–µ–Ω—Ç—Ä–µ –≤—Å–µ–≥–¥–∞ –ø—Ä–∏—è—Ç–Ω–∞—è, —Å–ø–æ–∫–æ–π–Ω–∞—è –∞—Ç–º–æ—Å—Ñ–µ—Ä–∞. –°–ø–∞—Å–∏–±–æ –≤—Å–µ–π –∫–æ–º–∞–Ω–¥–µ –ú–¶ –î–æ–∫—Ç–æ—Ä–∞ –ë–æ–ª–¥—ã—Ä–µ–≤–∞. –µ—â—ë",5.0
–ú–µ–¥–∏—Ü–∏–Ω—Å–∫–∏–π —Ü–µ–Ω—Ç—Ä –¥–æ–∫—Ç–æ—Ä–∞ –ë–æ–ª–¥—ã—Ä–µ–≤–∞,https://yandex.ru/maps/org/meditsinskiy_tsentr_doktora_boldyreva/112675622896/reviews,"–û—Ç–ª–∏—á–Ω—ã–π –ø–µ—Ä—Å–æ–Ω–∞–ª. –î–æ–∫—Ç–æ—Ä –∫ —Å–µ–±–µ —Ä–∞—Å–ø–æ–ª–∞–≥–∞–µ—Ç, –Ω–∞–±–ª—é–¥–∞–µ–º—Å—è 1,5 –≥–æ–¥–∞. –û—á–µ–Ω—å –ø–æ–º–æ–≥. –ü—Ä–∏—à–ª–∏ –∫ –Ω–µ–º—É —Å —Ç–µ–º, —á—Ç–æ —Ä–µ–±—ë–Ω–æ–∫ –Ω–µ –≥–æ–≤–æ—Ä–∏–ª. –°–µ–π—á–∞—Å –±–æ–ª—Ç–∞–µ—Ç –Ω–µ –æ—Å—Ç–∞–Ω–æ–≤–∏—à—å.",5.0
–ú–µ–¥–∏—Ü–∏–Ω—Å–∫–∏–π —Ü–µ–Ω—Ç—Ä –¥–æ–∫—Ç–æ—Ä–∞ –ë–æ–ª–¥—ã—Ä–µ–≤–∞,https://yandex.ru/maps/org/meditsinskiy_tsentr_doktora_boldyreva/112675622896/reviews,"–ë—ã–ª–∞ –Ω–∞ –ø—Ä–∏–µ–º–µ —É —ç—Ç–æ–≥–æ ¬´ –∑–∞–º–µ—á–∞—Ç–µ–ª—å–Ω–æ–≥–æ¬ª –≤—Ä–∞—á–∞ —Å —Ä–µ–±—ë–Ω–∫–æ–º. –†–µ–±—ë–Ω–∫—É –Ω–µ –∑–∞–¥–∞–ª –Ω–µ –æ–¥–Ω–æ–≥–æ –≤–æ–ø—Ä–æ—Å–∞. –î–µ–ª–∞—è —É–∑–∏ –±–æ—Ä–º–æ—Ç–∞–ª —Å–µ–±–µ –ø–æ–¥ –Ω–æ—Å , –Ω–∏—á–µ–≥–æ –Ω–µ —Å–ª—ã—à–Ω–æ –∏ –Ω–µ –ø–æ–Ω—è—Ç–Ω–æ –±—ã–ª–æ —á—Ç–æ –æ–Ω –≤–æ–æ–±—â–µ –≥–æ–≤–æ—Ä–∏—Ç. –°–ø—Ä–æ—Å–∏–ª –∫–∞–∫–∏–µ –ª–µ–∫–∞—Ä—Å—Ç–≤–∞ –ø–∏–ª–∏ –∏ –ø–æ—Å–ª–µ –º–æ–µ–≥–æ –æ—Ç–≤–µ—Ç–∞ —Å–∫–∞–∑–∞–ª –≤—ã —É–∂–µ –≤—Å–µ –ª–µ–∫–∞—Ä—Å—Ç–≤–∞ –ø—Ä–æ–ø–∏–ª–∏ –∫–æ—Ç–æ—Ä—ã–µ —è –±—ã –í–∞–º –º–æ–≥ –≤—ã–ø–∏—Å–∞—Ç—å –∑–∞—á–µ–º —Ç–æ–ª—å–∫–æ –ø—Ä–∏—à–ª–∏ –∫–æ –º–Ω–µ . –ù–æ —ç—Ç–æ –µ—â—ë —Ü–≤–µ—Ç–æ—á–∫–∏. –ü–æ—Å–ª–µ —Ç–æ–≥–æ –∫–∞–∫ –æ–Ω —Ä–∞—Å–ø–∏—Å–∞–ª –ª–µ—á–µ–Ω–∏–µ —è —Å–ø—Ä–æ—Å–∏–ª–∞ –º–æ–∂–µ–º –ª–∏ –º—ã –¥–æ–ø—Ä–∏–Ω–∏–º–∞—Ç—å –ª–µ–∫–∞—Ä—Å—Ç–≤–∞ –∫–æ—Ç–æ—Ä—ã–π –Ω–∞–º –≤—ã–ø–∏—Å–∞–ª –¥—Ä—É–≥–æ–π –≤—Ä–∞—á? –ü–æ—Ç–æ–º—É —á—Ç–æ –æ–Ω–æ —É–∂–µ –∫—É–ø–ª–µ–Ω–æ –∏ –æ—Ç–∫—Ä—ã—Ç–æ. –û–Ω –≤–∑–±–µ—Å–∏–ª—Å—è, –Ω–∞ –ø–æ–≤—ã—à–µ–Ω–Ω–æ–º —Ç–æ–Ω–µ —Å–∫–∞–∑–∞–ª —á—Ç–æ –≤—ã –ª–∏–±–æ –ª–µ—á–∏—Ç–µ—Å—å —É –º–µ–Ω—è –ª–∏–±–æ –∏–¥—ë—Ç–µ –∫ –¥—Ä—É–≥–æ–º—É –≤—Ä–∞—á—É. –°–∫–∞–∑–∞–ª —á—Ç–æ –∑–∞ –∫–ª–∏–µ–Ω—Ç–æ–≤ –æ–Ω –Ω–µ –¥–µ—Ä–∂–∏—Ç—Å—è –∏ –µ—Å–ª–∏ –º—ã –Ω–µ –±—É–¥–µ–º —É –Ω–µ–≥–æ –Ω–∞–±–ª—é–¥–∞—Ç—å—Å—è –æ–Ω –Ω–µ –æ—á–µ–Ω—å —Ä–∞—Å—Å—Ç—Ä–æ–∏—Ç—Å—è. –°–∫–∞–∑–∞–ª —á—Ç–æ —É –Ω–µ–≥–æ –º–Ω–æ–≥–æ –∫–ª–∏–µ–Ω—Ç–æ–≤ ( –ø–æ–∫–∞–∑—ã–≤–∞—è –Ω–∞ –∫–∞—Ä—Ç—ã –ø–∞—Ü–∏–µ–Ω—Ç–æ–≤) –∏ –Ω–µ —Å–º–æ—Ç—Ä—è –Ω–∞ –≤—ã—Å–æ–∫—É—é —Ü–µ–Ω—É –∑–∞ –µ–≥–æ –ø—Ä–∏—ë–º –∫ –Ω–µ–º—É –∏–¥—É—Ç –ª—é–¥–∏. –°–∫–∞–∑–∞–ª —á—Ç–æ –Ω–∞–º —Ä–µ—à–∞—Ç—å –±—É–¥–µ—Ç –ª–∏ —É –Ω–∞—Å –Ω–æ—Ä–º–∞–ª—å–Ω—ã–π —Ä–µ–±—ë–Ω–æ–∫ –∏–ª–∏ —É–π–¥—ë—Ç –≤ –ø—Å–∏—Ö–∏–∞—Ç—Ä–∏—é. –¢–∞–∫–æ–≥–æ —Ö–∞–º—Å–∫–æ–≥–æ –æ—Ç–Ω–æ—à–µ–Ω–∏—è –∑–∞ 6500 —è –Ω–µ –≤—Å—Ç—Ä–µ—á–∞–ª–∞. –ñ–∞–ª–∫–æ –≤—Ä–µ–º–µ–Ω–∏, –∏ –¥–µ–Ω–µ–≥. –ò –≤ –∏—Ç–æ–≥–µ –¥–∞–∂–µ –Ω–∏—á–µ–≥–æ –Ω–µ –ø–æ–Ω—è–ª–∞ —á—Ç–æ –æ–Ω —Ç–∞–º —É–≤–∏–¥–µ–ª –ø–æ —É–∑–∏. –ù–µ –æ–±—ä—è—Å–Ω–∏–ª —á—Ç–æ –∑–∞ –ª–µ–∫–∞—Ä—Å—Ç–≤–∞ –∏ –¥–ª—è —á–µ–≥–æ –æ–Ω–∏ –Ω—É–∂–Ω—ã. –î–∞–∂–µ —Å–ø—Ä–∞—à–∏–≤–∞—Ç—å –Ω–µ —Å—Ç–∞–ª–∞ –Ω–∏—á–µ–≥–æ –ø–æ—Å–ª–µ –µ–≥–æ —Ö–∞–º—Å–∫–æ–≥–æ –æ—Ç–Ω–æ—à–µ–Ω–∏—è. –µ—â—ë",1.0
–ú–µ–¥–∏—Ü–∏–Ω—Å–∫–∏–π —Ü–µ–Ω—Ç—Ä –¥–æ–∫—Ç–æ—Ä–∞ –ë–æ–ª–¥—ã—Ä–µ–≤–∞,https://yandex.ru/maps/org/meditsinskiy_tsentr_doktora_boldyreva/112675622896/reviews,"–û—á–µ–Ω—å –ø–æ–Ω—Ä–∞–≤–∏–ª–æ—Å—å. –í–∞–ª–µ–Ω—Ç–∏–Ω –ü–∞–≤–ª–æ–≤–∏—á –æ–ø—ã—Ç–Ω—ã–π –≤—Ä–∞—á, –Ω–∞–¥–µ–µ–º—Å—è –Ω–∞ –¥–∞–ª—å–Ω–µ–π—à–µ–µ —Å–æ—Ç—Ä—É–¥–Ω–∏—á–µ—Å—Ç–≤–æ –∏ –≤—ã–∑–¥–æ—Ä–æ–≤–ª–µ–Ω–∏–µ –≤–Ω—É—á–∫–∏.",5.0
–ú–µ–¥–∏—Ü–∏–Ω—Å–∫–∏–π —Ü–µ–Ω—Ç—Ä –¥–æ–∫—Ç–æ—Ä–∞ –ë–æ–ª–¥—ã—Ä–µ–≤–∞,https://yandex.ru/maps/org/meditsinskiy_tsentr_doktora_boldyreva/112675622896/reviews,"–í–Ω—É—à–∞–µ—Ç –¥–æ–≤–µ—Ä–∏–µ. –ü–æ—Å–º–æ—Ç—Ä–∏–º, —á—Ç–æ –±—É–¥–µ—Ç –¥–∞–ª—å—à–µ.",5.0
–ú–µ–¥–∏—Ü–∏–Ω—Å–∫–∏–π —Ü–µ–Ω—Ç—Ä –¥–æ–∫—Ç–æ—Ä–∞ –ë–æ–ª–¥—ã—Ä–µ–≤–∞,https://yandex.ru/maps/org/meditsinskiy_tsentr_doktora_boldyreva/112675622896/reviews,"–í –¥–∞–Ω–Ω–æ–º —Ü–µ–Ω—Ç—Ä–µ –Ω–∞—Ö–æ–¥–∏–º—Å—è –ø–æ–¥ –Ω–∞–±–ª—é–¥–µ–Ω–∏–µ–º, —Ç–µ—Ä–∞–ø–∏—è –æ—á–µ–Ω—å –ø–æ–º–æ–≥–∞–µ—Ç, –±–æ–ª—å—à–æ–µ –∏–º —Å–ø–∞—Å–∏–±–æ!",5.0
–ú–µ–¥–∏—Ü–∏–Ω—Å–∫–∏–π —Ü–µ–Ω—Ç—Ä –¥–æ–∫—Ç–æ—Ä–∞ –ë–æ–ª–¥—ã—Ä–µ–≤–∞,https://yandex.ru/maps/org/meditsinskiy_tsentr_doktora_boldyreva/112675622896/reviews,–û—Ç–ª–∏—á–Ω—ã–π —Å–ø–µ—Ü–∏–∞–ª–∏—Å—Ç —Å—Ç—É–ø–∞–∫ –í–∞–ª–µ–Ω—Ç–∏–Ω –ü–∞–≤–ª–æ–≤–∏—á.,5.0
–ú–µ–¥–∏—Ü–∏–Ω—Å–∫–∏–π —Ü–µ–Ω—Ç—Ä –¥–æ–∫—Ç–æ—Ä–∞ –ë–æ–ª–¥—ã—Ä–µ–≤–∞,https://yandex.ru/maps/org/meditsinskiy_tsentr_doktora_boldyreva/112675622896/reviews,"–ü—Ä–æ –ª–µ—á–µ–Ω–∏–µ –ø–æ–∫–∞ —Å–∫–∞–∑–∞—Ç—å –Ω–∏—á–µ–≥–æ –Ω–µ –º–æ–≥—É, —ç—Ç–æ –ø–æ–∫–∞ –æ—Ü–µ–Ω–∫–∏ –∑–∞ —Ñ–∏–Ω–∞–Ω—Å–æ–≤—ã–µ ""—Å—Ö–µ–º–∫–∏"" —ç—Ç–æ–≥–æ –∑–∞–≤–µ–¥–µ–Ω–∏—è. –ù–∞–∑–Ω–∞—á–∏–ª–∏ –∫—É—Ä—Å –∏–∑ 10 —Å–µ–∞–Ω—Å–æ–≤. –ó–∞ –∫–∞–∂–¥—ã–π –ø–ª–∞—Ç–∏—Ç—å –Ω–µ–ª—å–∑—è –∫–∞–∫ –≤–æ –≤—Å–µ—Ö –Ω–æ—Ä–º–∞–ª—å–Ω—ã—Ö –∫–ª–∏–Ω–∏–∫–∞—Ö. –•–æ—Ç—è—Ç —Å—Ä–∞–∑—É –≤—Å–µ —Ö–∞–ø–Ω—É—Ç—å –∏ –Ω–µ –≤–æ–∑–≤—Ä–∞—â–∞—Ç—å! –¢–∞–∫ –ø—Ä–∏ –ø–æ–ø—ã—Ç–∫–∞—Ö –∑–∞–¥–∞—Ç—å –≤–æ–ø—Ä–æ—Å—ã –Ω–∞ —Ç–µ–º—É: –∞ —á—Ç–æ –µ—Å–ª–∏ —è –≤–æ–æ–±—â–µ –∑–∞—Ö–æ—á—É –æ—Ç–º–µ–Ω–∏—Ç—å?... –ù–∞—á–∏–Ω–∞–µ—Ç—Å—è –≤—Å—è–∫–æ–µ –≤—ã–≤–µ—Ä—Ç—ã–≤–∞–Ω–∏–µ: –¥–∞ –º—ã –ø–æ–¥ –≤–∞—Å –∑–∞–±—Ä–æ–Ω–∏—Ä–æ–≤–∞–ª–∏, ....–∫–∞–∫ –±—É–¥—Ç–æ –≤ –¥—Ä—É–≥–∏—Ö –∫–ª–∏–Ω–∏–∫–∞—Ö —Ç–∞–∫ –Ω–µ –¥–µ–ª–∞—é—Ç. –ó–∞—Ç–µ–º –≤–æ–æ–±—â–µ –¥–æ–≥–æ–≤–æ—Ä–∏–ª–∏—Å—å, —á—Ç–æ –≤ —Ç–∞–∫–æ–º —Å–ª—É—á–∞–µ –≤–æ–∑–≤—Ä–∞—â–∞—é—Ç —á–∞—Å—Ç—å, —Ç.–∫. –ø–µ—Ä–≤—ã–π —Å–µ–∞–Ω—Å –≤–æ–ª—à–µ–±–Ω—ã–º –æ–±—Ä–∞–∑–æ–º —Å—Ç–∞–Ω–æ–≤–∏—Ç—Å—è –≤ 2 —Ä–∞–∑–∞ –¥–æ—Ä–æ–∂–µ! –í –æ–±—â–µ–º –ø–æ–≤–æ–¥ –¥–ª—è –Ω–∞–ª–æ–≥–æ–≤–æ–π –ø–æ–∏–Ω—Ç–µ—Ä–µ—Å–æ–≤–∞—Ç—å—Å—è –±—É—Ö–≥–∞–ª—Ç–µ—Ä–∏–µ–π. –ê –æ—Å—Ç–∞–ª—å–Ω—ã–º –ø–æ–≤–æ–¥ –∑–∞–¥—É–º–∞—Ç—å—Å—è –º–æ–≥—É—Ç –ª–∏ –ª—é–¥–∏, –∫–æ—Ç–æ—Ä—ã–µ –¥–∞–≤–∞–ª–∏ –∫–ª—è—Ç–≤—É –ì–∏–ø–ø–æ–∫—Ä–∞—Ç–∞, –±—ã—Ç—å —Ç–∞–∫ —Ñ–∏–Ω–∞–Ω—Å–æ–≤–æ –Ω–µ—á–µ—Å—Ç–Ω—ã! –µ—â—ë",2.0
–ú–µ–¥–∏—Ü–∏–Ω—Å–∫–∏–π —Ü–µ–Ω—Ç—Ä –¥–æ–∫—Ç–æ—Ä–∞ –ë–æ–ª–¥—ã—Ä–µ–≤–∞,https://yandex.ru/maps/org/meditsinskiy_tsentr_doktora_boldyreva/112675622896/reviews,"–ü—Ä–µ–∫—Ä–∞—Å–Ω–µ–π—à–∏–π –¥–æ–∫—Ç–æ—Ä! –°–ø–µ—Ü–∏–∞–ª–∏—Å—Ç –∫–∞–∫–∏—Ö –ø–æ–∏—Å–∫–∞—Ç—å –µ—â—ë! –ó–∞ –ø–æ–ª—Ç–æ—Ä–∞ –≥–æ–¥–∞ –ª–µ—á–µ–Ω–∏—è —Å—ã–Ω–∞ –¥–æ–±–∏–ª–∏—Å—å –±–æ–ª—å—à–∏—Ö —É—Å–ø–µ—Ö–æ–≤. –í–ª–∞–¥–∏–º–∏—Ä –ì–µ–Ω–Ω–∞–¥—å–µ–≤–∏—á –≤–Ω–∏–º–∞—Ç–µ–ª—å–Ω—ã–π, –≤—Å–µ –ø–æ—è—Å–Ω—è–µ—Ç –∫–∞–∫ –∏ –ø–æ—á–µ–º—É, –æ—Ç–≤–µ—Ç–∏—Ç –Ω–∞ —Ç—ã—Å—è—á—É –∏ –æ–¥–∏–Ω –≤–æ–ø—Ä–æ—Å —á—ë—Ç–∫–æ, –ø–æ–Ω—è—Ç–Ω–æ –±–µ–∑ —Å–ø–µ—à–∫–∏. –ü—Ä–æ—Å—Ç–æ –ø—Ä–∏—è—Ç–Ω—ã–π —á–µ–ª–æ–≤–µ–∫ –∏ –æ–±—â–∏–π —è–∑—ã–∫ —Å —Å—ã–Ω–æ–º –Ω–∞—Ö–æ–¥–∏—Ç –æ—á–µ–Ω—å –±—ã—Å—Ç—Ä–æ. –†–µ–∫–æ–º–µ–Ω–¥—É–µ–º —ç—Ç—É –∫–ª–∏–Ω–∏–∫—É –∏ –∂–µ–ª–∞–µ–º –¥–æ–∫—Ç–æ—Ä—É –∑–¥–æ—Ä–æ–≤—å—è, —É–¥–∞—á–∏ –∏ –ø—Ä–æ—Ü–≤–µ—Ç–∞–Ω–∏—è!üôè",5.0
–ú–µ–¥–∏—Ü–∏–Ω—Å–∫–∏–π —Ü–µ–Ω—Ç—Ä –¥–æ–∫—Ç–æ—Ä–∞ –ë–æ–ª–¥—ã—Ä–µ–≤–∞,https://yandex.ru/maps/org/meditsinskiy_tsentr_doktora_boldyreva/112675622896/reviews,"–û—á–µ–Ω—å –≥—Ä–∞–º–æ—Ç–Ω—ã–µ –Ω–µ–≤—Ä–æ–ª–æ–≥–∏, –≥—Ä–∞–º–æ—Ç–Ω–æ —Ä–∞–±–æ—Ç–∞—é—Ç —Å —Å–æ—Å—É–¥–∏—Å—Ç—ã–º–∏ –ø–∞—Ç–æ–ª–æ–≥–∏—è–º–∏ –ì–ú",5.0
–ú–µ–¥–∏—Ü–∏–Ω—Å–∫–∏–π —Ü–µ–Ω—Ç—Ä –¥–æ–∫—Ç–æ—Ä–∞ –ë–æ–ª–¥—ã—Ä–µ–≤–∞,https://yandex.ru/maps/org/meditsinskiy_tsentr_doktora_boldyreva/112675622896/reviews,–ü—Ä–µ–∫—Ä–∞—Å–Ω—ã–π —Ü–µ–Ω—Ç—Ä. –¢—Ä–∏ –≥–æ–¥–∞ —Å –¥–æ–∫—Ç–æ—Ä–æ–º. –†–µ–∑—É–ª—å—Ç–∞—Ç—ãüëç,5.0
–ú–µ–¥–∏—Ü–∏–Ω—Å–∫–∏–π —Ü–µ–Ω—Ç—Ä –¥–æ–∫—Ç–æ—Ä–∞ –ë–æ–ª–¥—ã—Ä–µ–≤–∞,https://yandex.ru/maps/org/meditsinskiy_tsentr_doktora_boldyreva/112675622896/reviews,"–û—á–µ–Ω—å —Ä–µ–∫–æ–º–µ–Ω–¥—É—é –¥–æ–∫—Ç–æ—Ä–∞ –ë–æ–ª–¥—ã—Ä–µ–≤–∞. –ü–æ—Å–ª–µ –Ω–∞–∑–Ω–∞—á–µ–Ω–Ω–æ–≥–æ –ª–µ—á–µ–Ω–∏—è —É —Ä–µ–±–µ–Ω–∫–∞ —è–≤–Ω—ã–µ —É–ª—É—á—à–µ–Ω–∏—è. –õ–µ—á–µ–Ω–∏–µ –º—ã –ø—Ä–æ–¥–æ–ª–∂–∞–µ–º, —É–≤–µ—Ä–µ–Ω–∞ –±—É–¥–µ—Ç –æ—Ç–ª–∏—á–Ω—ã–π –∏—Ç–æ–≥–æ–≤—ã–π —Ä–µ–∑—É–ª—å—Ç–∞—Ç. –°–∞–º –¥–æ–∫—Ç–æ—Ä –æ—á–µ–Ω—å –≤–Ω–∏–º–∞—Ç–µ–ª—å–Ω—ã–π, –º–Ω–æ–≥–æ –≤—Ä–µ–º–µ–Ω–∏ —É–¥–µ–ª—è–µ—Ç –ø–∞—Ü–∏–µ–Ω—Ç—É –Ω–∞ –ø—Ä–∏–µ–º–µ, –¥–∞–∂–µ –µ—Å–ª–∏ –º–∞–º–∞ –∑–∞–¥–∞–µ—Ç –∫—É—á—É –≤–æ–ø—Ä–æ—Å–æ–≤, —Ç–µ—Ä–ø–µ–ª–∏–≤–æ –æ—Ç–≤–µ—á–∞–µ—Ç. –¶–µ–Ω–∞ –ø—Ä–∏–µ–º–∞ –Ω–µ –º–∞–ª–µ–Ω—å–∫–∞—è, –Ω–æ —Ä–µ–∑—É–ª—å—Ç–∞—Ç —Ç–æ–≥–æ —Å—Ç–æ–∏—Ç. –†–µ–∫–æ–º–µ–Ω–¥—É—é!",5.0
–ú–µ–¥–∏—Ü–∏–Ω—Å–∫–∏–π —Ü–µ–Ω—Ç—Ä –¥–æ–∫—Ç–æ—Ä–∞ –ë–æ–ª–¥—ã—Ä–µ–≤–∞,https://yandex.ru/maps/org/meditsinskiy_tsentr_doktora_boldyreva/112675622896/reviews,"–ó–∞–º–µ—á–∞—Ç–µ–ª—å–Ω—ã–π –Ω–µ–≤—Ä–æ–ª–æ–≥, –¥–æ–ª–≥–æ –∏—Å–∫–∞–ª–∏ —Ö–æ—Ä–æ—à–µ–≥–æ –≤—Ä–∞—á–∞, –Ω–∞–±–ª—é–¥–∞–µ–º —Å —Å—ã–Ω–æ–º —É–∂–µ –ø–æ—á—Ç–∏ 2 –≥–æ–¥–∞. –ü–æ–ª—É—á–∏–ª–∏ —Ö–æ—Ä–æ—à–∏–µ —Ä–µ–∑—É–ª—å—Ç–∞—Ç—ã",5.0
–ú–µ–¥–∏—Ü–∏–Ω—Å–∫–∏–π —Ü–µ–Ω—Ç—Ä –¥–æ–∫—Ç–æ—Ä–∞ –ë–æ–ª–¥—ã—Ä–µ–≤–∞,https://yandex.ru/maps/org/meditsinskiy_tsentr_doktora_boldyreva/112675622896/reviews,"–ó–∞–º–µ—á–∞—Ç–µ–ª—å–Ω—ã–π –¥–æ–∫—Ç–æ—Ä, —Ç–∞–∫–∏—Ö –Ω–∞–≤–µ—Ä–Ω–æ–µ –µ–¥–∏–Ω–∏—Ü—ã, –Ω–∞ –Ω–∞—à–µ–º –ø—É—Ç–∏ –ø–µ—Ä–≤—ã–π. –ù–∞–∑–Ω–∞—á–µ–Ω–∏—è –¥–µ–ª–∞—é—Ç—Å—è –Ω–∞ –æ—Å–Ω–æ–≤–∞–Ω–∏–∏ –∏–∑–º–µ–Ω–µ–Ω–∏–π –≤ –≥–æ–ª–æ–≤–Ω–æ–º –º–æ–∑–≥–µ, –∞ –Ω–µ –∫–∞–∫ –æ–±—ã—á–Ω–æ ""–¥–∞–≤–∞–π—Ç–µ –ø–æ–ø—Ä–æ–±—É–µ–º —ç—Ç–æ""....",5.0
–ú–µ–¥–∏—Ü–∏–Ω—Å–∫–∏–π —Ü–µ–Ω—Ç—Ä –¥–æ–∫—Ç–æ—Ä–∞ –ë–æ–ª–¥—ã—Ä–µ–≤–∞,https://yandex.ru/maps/org/meditsinskiy_tsentr_doktora_boldyreva/112675622896/reviews,"–ó–∞–º–µ—á–∞—Ç–µ–ª—å–Ω—ã–π –¥–æ–∫—Ç–æ—Ä,–Ω–∞–±–ª—é–¥–∞–µ–º—Å—è —Å –¥–æ—á–µ—Ä–µ—é –Ω–µ –ø–µ—Ä–≤—ã–π –≥–æ–¥,–Ω–∏–∑–∫–∏–π –ø–æ–∫–ª–æ–Ω –∑–∞ –ø—Ä–æ—Ñ–µ—Å—Å–∏–æ–Ω–∞–ª–∏–∑–º.",5.0
–ú–µ–¥–∏—Ü–∏–Ω—Å–∫–∏–π —Ü–µ–Ω—Ç—Ä –¥–æ–∫—Ç–æ—Ä–∞ –ë–æ–ª–¥—ã—Ä–µ–≤–∞,https://yandex.ru/maps/org/meditsinskiy_tsentr_doktora_boldyreva/112675622896/reviews,–û—Ç–ª–∏—á–Ω–∞—è –∫–ª–∏–Ω–∏–∫–∞,5.0
–ú–µ–¥–∏—Ü–∏–Ω—Å–∫–∏–π —Ü–µ–Ω—Ç—Ä –¥–æ–∫—Ç–æ—Ä–∞ –ë–æ–ª–¥—ã—Ä–µ–≤–∞,https://yandex.ru/maps/org/meditsinskiy_tsentr_doktora_boldyreva/112675622896/reviews,–•–æ—Ä–æ—à–∏–µ –≤—Ä–∞—á–∏,5.0
–ú–µ–¥–∏—Ü–∏–Ω—Å–∫–∏–π —Ü–µ–Ω—Ç—Ä –¥–æ–∫—Ç–æ—Ä–∞ –ë–æ–ª–¥—ã—Ä–µ–≤–∞,https://yandex.ru/maps/org/meditsinskiy_tsentr_doktora_boldyreva/112675622896/reviews,"–ü–æ—Ç—Ä—è—Å–∞—é—â–∏–π —Å–ø–µ—Ü–∏–∞–ª–∏—Å—Ç, –∫–æ—Ç–æ—Ä—ã–π –¥–µ–π—Å—Ç–≤–∏—Ç–µ–ª—å–Ω–æ –ø–æ–º–æ–≥–∞–µ—Ç –ª—é–¥—è–º!!!!!!!!!!!!",5.0
–ú–µ–¥–∏—Ü–∏–Ω—Å–∫–∏–π —Ü–µ–Ω—Ç—Ä –¥–æ–∫—Ç–æ—Ä–∞ –ë–æ–ª–¥—ã—Ä–µ–≤–∞,https://yandex.ru/maps/org/meditsinskiy_tsentr_doktora_boldyreva/112675622896/reviews,"–°–º—É—â–∞–µ—Ç, —á—Ç–æ –ª–µ—á–µ–Ω–∏–µ –¥–µ—Ç—è–º —Å –Ω–µ–≤—Ä–æ–ª–æ–≥–∏–µ–π –ø—Ä–æ–ø–∏—Å—ã–≤–∞–µ—Ç –æ–¥–∏–Ω–∞–∫–æ–≤–æ–µ. –î–∏–∞–∫–∞—Ä–±, –ê—Å–ø–∞—Ä–∫–∞–º, –¥–∏–±–∞–∑–æ–ª. –°—Ä–∞–≤–Ω–∏–≤–∞–ª–∏ –≤—ã–ø–∏—Å–∫–∏ —Å –¥—Ä—É–≥–∏–º–∏ —Ä–æ–¥–∏—Ç–µ–ª—è–º–∏.",3.0
–ú–µ–¥–∏—Ü–∏–Ω—Å–∫–∏–π —Ü–µ–Ω—Ç—Ä –¥–æ–∫—Ç–æ—Ä–∞ –ë–æ–ª–¥—ã—Ä–µ–≤–∞,https://yandex.ru/maps/org/meditsinskiy_tsentr_doktora_boldyreva/112675622896/reviews,–°–ø–∞—Å–∏–±–æ –∑–∞ –ø–æ–º–æ—â—å!,5.0
–ú–µ–¥–∏—Ü–∏–Ω—Å–∫–∏–π —Ü–µ–Ω—Ç—Ä –¥–æ–∫—Ç–æ—Ä–∞ –ë–æ–ª–¥—ã—Ä–µ–≤–∞,https://yandex.ru/maps/org/meditsinskiy_tsentr_doktora_boldyreva/112675622896/reviews,–°–ø–∞—Å–∏–±–æ –∏ –Ω–∏–∑–∫–∏–π –ø–æ–∫–ª–æ–Ω –¥–æ–∫—Ç–æ—Ä—É!!!!!!,5.0
–ú–µ–¥–∏—Ü–∏–Ω—Å–∫–∏–π —Ü–µ–Ω—Ç—Ä –¥–æ–∫—Ç–æ—Ä–∞ –ë–æ–ª–¥—ã—Ä–µ–≤–∞,https://yandex.ru/maps/org/meditsinskiy_tsentr_doktora_boldyreva/112675622896/reviews,–í—Å–µ —Å—É–ø–µ—Ä! ü§ùüèº,5.0
–ú–µ–¥–∏—Ü–∏–Ω—Å–∫–∏–π —Ü–µ–Ω—Ç—Ä –¥–æ–∫—Ç–æ—Ä–∞ –ë–æ–ª–¥—ã—Ä–µ–≤–∞,https://yandex.ru/maps/org/meditsinskiy_tsentr_doktora_boldyreva/112675622896/reviews,–æ—Ç–ª–∏—á–Ω–∞—è –∫–ª–∏–Ω–∏–∫–∞,5.0
–ú–µ–¥–∏—Ü–∏–Ω—Å–∫–∏–π —Ü–µ–Ω—Ç—Ä –¥–æ–∫—Ç–æ—Ä–∞ –ë–æ–ª–¥—ã—Ä–µ–≤–∞,https://yandex.ru/maps/org/meditsinskiy_tsentr_doktora_boldyreva/112675622896/reviews,"–≠—Ç–æ—Ç –º–µ–¥–∏—Ü–∏–Ω—Å–∫–∏–π —Ü–µ–Ω—Ç—Ä, –ª—É—á—à–µ–µ, —á—Ç–æ –º—ã –≤–∏–¥–µ–ª–∏ –≤ –ø–æ—Å–ª–µ–¥–Ω–µ–µ –≤—Ä–µ–º—è. –°–æ–≤—Ä–µ–º–µ–Ω–Ω–æ–µ, —É—Å–æ–≤–µ—Ä—à–µ–Ω—Å—Ç–≤–æ–≤–∞–Ω–Ω–æ–µ –æ–±–æ—Ä—É–¥–æ–≤–∞–Ω–∏–µ –¥–ª—è –æ–±—Å–ª–µ–¥–æ–≤–∞–Ω–∏–π –∏ –ø—Ä–æ—Ü–µ–¥—É—Ä. –ü—Ä–∏—è—Ç–Ω–æ–µ, –≤–Ω–∏–º–∞—Ç–µ–ª—å–Ω–æ–µ –æ—Ç–Ω–æ—à–µ–Ω–∏–µ –º–µ–¥.–ø–µ—Ä—Å–æ–Ω–∞–ª–∞, (—Å –±–æ–ª—å—à–∏–º –ø–æ–Ω–∏–º–∞–Ω–∏–µ–º –æ—Ç–Ω–µ—Å–ª–∏—Å—å –∫ –Ω–∞—à–µ–º—É, –æ—Å–æ–±–µ–Ω–Ω–æ–º—É, –ø–æ–≤–µ–¥–µ–Ω–∏—é). –î–æ–∫—Ç–æ—Ä –ë–æ–ª–¥—ã—Ä–µ–≤ –í.–ì., –ø–æ–¥–æ–±—Ä–∞–ª –Ω–∞–º –º–µ–¥–∏–∫–∞–º–µ–Ω—Ç–æ–∑–Ω—É—é —Ç–µ—Ä–∞–ø–∏—é, —Å–æ–≤–º–µ—â–∞–µ–º —Å –ø–æ—Å–µ—â–µ–Ω–∏–µ–º –±–∞—Ä–æ–∫–∞–º–µ—Ä—ã –∏ —ç–ª.–º–∞–≥–Ω–∏—Ç–æ–≤. –ë–∞—Ä–æ–∫–∞–º–µ—Ä–∞, –≤ —ç—Ç–æ–º —Ü–µ–Ω—Ç—Ä–µ, –∑–∞—Å–ª—É–∂–∏–≤–∞–µ—Ç –æ—Ç–¥–µ–ª—å–Ω–æ–≥–æ –æ—Ç–∑—ã–≤–∞. –û–≥—Ä–æ–º–Ω—ã–µ —Å—Ç–µ–∫–ª–∞, —É–¥–æ–±–Ω–æ–µ –±–æ–ª—å—à–æ–µ –∫—Ä–µ—Å–ª–æ, –∞–±—Å–æ–ª—é—Ç–Ω–æ –Ω–∏–∫–∞–∫–æ–≥–æ –æ—â—É—â–µ–Ω–∏—è –¥–∏—Å–∫–æ–º—Ñ–æ—Ä—Ç–∞, –Ω–µ—Å–º–æ—Ç—Ä—è –Ω–∞ –∑–∞–º–∫–Ω—É—Ç–æ–µ –ø—Ä–æ—Å—Ç—Ä–∞–Ω—Å—Ç–≤–æ. –£–∂–µ –≥–æ–¥ –º—ã –ø–∞—Ü–∏–µ–Ω—Ç—ã –ë–æ–ª–¥—ã—Ä–µ–≤–∞ –í.–ì. –ü—Ä–æ–≥—Ä–µ—Å—Å –µ—Å—Ç—å, —ç—Ç–æ —Ä–µ–≥—É–ª—è—Ä–Ω–æ –ø–æ–¥—Ç–≤–µ—Ä–∂–¥–∞–µ—Ç—Å—è –¥–æ–∫—Ç–æ—Ä–æ–º –Ω–∞ –æ–±—Å–ª–µ–¥–æ–≤–∞–Ω–∏–∏ (–£–ó–ò, –≠–≠–ì), –ø–æ—Å–ª–µ –ø—Ä–æ—Ö–æ–∂–¥–µ–Ω–∏—è –∫—É—Ä—Å–∞ –ø—Ä–æ—Ü–µ–¥—É—Ä –∏ –Ω–∞–∑–Ω–∞—á–µ–Ω–∏–π. –ú—ã –æ—á–µ–Ω—å —Ä–∞–¥—ã —á—Ç–æ –ø—Ä–∏—à–ª–∏, –ø–æ —Ä–µ–∫–æ–º–µ–Ω–¥–∞—Ü–∏–∏, –∏ –¥–æ–≤–µ—Ä–∏–ª–∏—Å—å –í–ª–∞–¥–∏–º–∏—Ä—É –ì–µ–Ω–Ω–∞–¥—å–µ–≤–∏—á—É, –µ–≥–æ –≤–∏–¥–µ–Ω–∏–µ –Ω–∞—à–µ–π —Å–∏—Ç—É–∞—Ü–∏–∏, –∏ –ø–æ–¥—Ö–æ–¥, –∫ —É–ª—É—á—à–µ–Ω–∏—é —Å–æ—Å—Ç–æ—è–Ω–∏—è –∑–¥–æ—Ä–æ–≤—å—è –¥–µ—Ç–µ–π —Å –∞—É—Ç–∏–∑–º–æ–º, –æ—á–µ–Ω—å –Ω–∞—Å —É–¥–∏–≤–∏–ª. –†–∞–Ω–µ–µ –æ –ø–æ–¥–æ–±–Ω—ã—Ö –º–µ—Ç–æ–¥–∞—Ö –≤–æ–∑–¥–µ–π—Å—Ç–≤–∏—è –Ω–∞ –≥–æ–ª–æ–≤–Ω–æ–π –º–æ–∑–≥ –∏ –¶–ù–° –º—ã –Ω–µ —Å–ª—ã—à–∞–ª–∏. –ú—ã —Å –í–∞—à–∏–º —Ü–µ–Ω—Ç—Ä–æ–º –Ω–∞–¥–æ–ª–≥–æ !)) –û—á–µ–Ω—å —Ü–µ–Ω–∏–º, –¥–æ–≤–µ—Ä—è–µ–º –∏ —Ä–µ–∫–æ–º–µ–Ω–¥—É–µ–º. –°–ø–∞—Å–∏–±–æ! –µ—â—ë",5.0
–ú–µ–¥–∏—Ü–∏–Ω—Å–∫–∏–π —Ü–µ–Ω—Ç—Ä –¥–æ–∫—Ç–æ—Ä–∞ –ë–æ–ª–¥—ã—Ä–µ–≤–∞,https://yandex.ru/maps/org/meditsinskiy_tsentr_doktora_boldyreva/112675622896/reviews,"–û—á–µ–Ω—å –ø—Ä–∏—è—Ç–Ω—ã–µ, –≤–µ–∂–ª–∏–≤—ã–µ –∏ –ø—Ä–µ–¥—É—Å–º–æ—Ç—Ä–∏—Ç–µ–ª—å–Ω—ã–µ —Å–æ—Ç—Ä—É–¥–Ω–∏–∫–∏, –ª–µ–≥–∫–∞—è –∏ –º—è–≥–∫–∞—è –æ–±—Å—Ç–∞–Ω–æ–≤–∫–∞ –≤ –∑–æ–Ω–µ –æ–∂–∏–¥–∞–Ω–∏—è, —á—Ç–æ –¥–ª—è –¥–µ—Ç–µ–π —Å –û–í–ó —è–≤–ª—è–µ—Ç—Å—è –æ–¥–Ω–∏–º –∏–∑ –Ω–µ–º–∞–ª–æ–≤–∞–∂–Ω—ã—Ö —Ñ–∞–∫—Ç–æ—Ä–æ–≤ –≤ –ø–æ–¥–≥–æ—Ç–æ–≤–∫–µ –∫ –ø—Ä–∏–µ–º—É —É –≤—Ä–∞—á–∞. –ú—ã —É–∂–µ –º–Ω–æ–≥–æ –ª–µ—Ç –Ω–∞–±–ª—é–¥–∞–µ–º—Å—è —É –ë–æ–ª–¥—ã—Ä–µ–≤–∞ –í–ª–∞–¥–∏–º–∏—Ä–∞ –ì–µ–Ω–Ω–∞–¥—å–µ–≤–∏—á–∞, –≤ –Ω–∞—à–µ–º —Å–ª—É—á–∞–µ –æ–Ω –±—ã–ª –ø–µ—Ä–≤—ã–º –≤—Ä–∞—á–æ–º, –∫—Ç–æ –Ω–µ ¬´–ø–æ—Ö–æ—Ä–æ–Ω–∏–ª¬ª —Ä–µ–±–µ–Ω–∫–∞, –Ω–µ —Å—Ç–∞–ª ¬´–ø—Ä—è—Ç–∞—Ç—å—Å—è¬ª –∑–∞ –Ω–∞–∑–Ω–∞—á–µ–Ω–∏—è–º–∏ –∏–∑ –∫–ª–∏–Ω–∏—á–µ—Å–∫–∏—Ö —Ä–µ–∫–æ–º–µ–Ω–¥–∞—Ü–∏–π, –∞ –æ—Ç–≤–µ—Ç—Å—Ç–≤–µ–Ω–Ω–æ –ø–æ–¥–æ—à–µ–ª –∫ –¥–∏–∞–≥–Ω–æ—Å—Ç–∏–∫–µ —Å–æ—Å—Ç–æ—è–Ω–∏—è –∏ –ø—Ä–æ–¥–æ–ª–∂–∞–µ—Ç –∫—É—Ä–∏—Ä–æ–≤–∞—Ç—å –ª–µ—á–µ–Ω–∏–µ –ø–æ —Å–µ–π –¥–µ–Ω—å. –û—á–µ–Ω—å –Ω—Ä–∞–≤–∏—Ç—Å—è –¥–µ–ª–æ–≤–æ–π –ø–æ–¥—Ö–æ–¥ —Å–ø–µ—Ü–∏–∞–ª–∏—Å—Ç–∞ –∫ —Ä–æ–¥–∏—Ç–µ–ª—è–º –∏ –ø–æ–∏—Å–∫ –ø–æ–¥—Ö–æ–¥–∞ –µ–≥–æ –∂–µ –∫ –¥–µ—Ç—è–º. –µ—â—ë",5.0
–ú–µ–¥–∏—Ü–∏–Ω—Å–∫–∏–π —Ü–µ–Ω—Ç—Ä –¥–æ–∫—Ç–æ—Ä–∞ –ë–æ–ª–¥—ã—Ä–µ–≤–∞,https://yandex.ru/maps/org/meditsinskiy_tsentr_doktora_boldyreva/112675622896/reviews,"–†–µ–¥–∫–∏–π, –∫—Ä—É—Ç–µ–π—à–∏–π –∏ –æ—á–µ–Ω—å –æ—Ç–≤–µ—Ç—Å—Ç–≤–µ–Ω–Ω—ã–π —Å–ø–µ—Ü–∏–∞–ª–∏—Å—Ç. –í–∏–¥–Ω–æ —á—Ç–æ –í–ª–∞–¥–∏–º–∏—Ä –ì–µ–Ω–Ω–∞–¥—å–µ–≤–∏—á –∏ –≤—Å—è –µ–≥–æ –∫–æ–º–∞–Ω–¥–∞ –ø—Ä–µ–¥–∞–Ω—ã —Å–≤–æ–µ–º—É –¥–µ–ª—É –∏ –ø–æ–º–æ–≥–∞—é—Ç –¥–µ—Ç–∫–∞–º –∏ –∏—Ö —Ä–æ–¥–∏—Ç–µ–ª—è–º –≤–µ—Ä–Ω—É—Ç—å –ø–æ–ª–Ω–æ—Ü–µ–Ω–Ω—É—é –∏ –¥–æ—Å—Ç–æ–π–Ω—É—é –∂–∏–∑–Ω—å –Ω–µ —Å–º–æ—Ç—Ä—è –Ω–∞ —Ç—è–∂—ë–ª—ã–µ —É–¥–∞—Ä—ã —Å—É–¥—å–±—ã. –ù–∏–∑–∫–∏–π –ø–æ–∫–ª–æ–Ω –∏ –æ–≥—Ä–æ–º–Ω–æ–µ —Å–ø–∞—Å–∏–±–æ –∑–∞ –≤–∞—à—É —Ä–∞–±–æ—Ç—É.",5.0
–ú–µ–¥–∏—Ü–∏–Ω—Å–∫–∏–π —Ü–µ–Ω—Ç—Ä –¥–æ–∫—Ç–æ—Ä–∞ –ë–æ–ª–¥—ã—Ä–µ–≤–∞,https://yandex.ru/maps/org/meditsinskiy_tsentr_doktora_boldyreva/112675622896/reviews,"–•–æ—á—É –≤—ã—Ä–∞–∑–∏—Ç—å —Å–≤–æ—é –±–ª–∞–≥–æ–¥–∞—Ä–Ω–æ—Å—Ç—å –ë–æ–ª–¥—ã—Ä–µ–≤—É –í–ª–∞–¥–∏–º–∏—Ä—É –ì–µ–Ω–Ω–∞–¥—å–µ–≤–∏—á—É! –û—á–µ–Ω—å –≥—Ä–∞–º–æ—Ç–Ω—ã–π —Å–ø–µ—Ü–∏–∞–ª–∏—Å—Ç! –û—á–µ–Ω—å –≤–Ω–∏–º–∞—Ç–µ–ª—å–Ω–æ –æ—Ç–Ω–µ—Å—Å—è –∫ –º–æ–µ–π –ø—Ä–æ–±–ª–µ–º–µ, –ø—Ä–æ–≤–µ–ª —Ç—â–∞—Ç–µ–ª—å–Ω—ã–π –æ—Å–º–æ—Ç—Ä , –≤—Å–µ —á–µ—Ç–∫–æ –∏ –≥—Ä–∞–º–æ—Ç–Ω–æ –º–Ω–µ –æ–±—ä—è—Å–Ω–∏–ª, –±—É–¥—É –ø—Ä–∏—Ö–æ–¥–∏—Ç—å –µ—â–µ –Ω–∞ –ø—Ä–∏–µ–º—ã!",5.0
–ú–µ–¥–∏—Ü–∏–Ω—Å–∫–∏–π —Ü–µ–Ω—Ç—Ä –¥–æ–∫—Ç–æ—Ä–∞ –ë–æ–ª–¥—ã—Ä–µ–≤–∞,https://yandex.ru/maps/org/meditsinskiy_tsentr_doktora_boldyreva/112675622896/reviews,"–£–∂–µ –±–æ–ª–µ–µ –ø—è—Ç–∏ –ª–µ—Ç –ø–æ—Å–µ—â–∞–µ–º –≤—Ä–∞—á–∞ –í–ª–∞–¥–∏–º–∏—Ä–∞ –ì–µ–Ω–Ω–∞–¥—å–µ–≤–∏—á–∞ –ë–æ–ª–¥—ã—Ä–µ–≤–∞. –ú–æ–µ–º—É —Å—ã–Ω—É –æ—á–µ–Ω—å –ø–æ–º–æ–≥, —Å–ø–∞—Å–∏–±–æ –í–∞–º –±–æ–ª—å—à–æ–µ!!!",5.0
–ú–µ–¥–∏—Ü–∏–Ω—Å–∫–∏–π —Ü–µ–Ω—Ç—Ä –¥–æ–∫—Ç–æ—Ä–∞ –ë–æ–ª–¥—ã—Ä–µ–≤–∞,https://yandex.ru/maps/org/meditsinskiy_tsentr_doktora_boldyreva/112675622896/reviews,"–ú—ã –¥–æ–ª–≥–æ –∏—Å–∫–∞–ª–∏ —Å–≤–æ–µ–≥–æ –¥–æ–∫—Ç–æ—Ä–∞ , –ø–µ—Ä–µ–±–∏—Ä–∞–ª–∏ –º–Ω–æ–≥–∏—Ö –≤—Ä–∞—á–µ–π . –•–æ—á—É –≤—ã—Ä–∞–∑–∏—Ç—å –ø—Ä–∏–∑–Ω–∞—Ç–µ–ª—å–Ω–æ—Å—Ç—å –í–ª–∞–¥–∏–º–∏—Ä—É –ì–µ–Ω–Ω–∞–¥—å–µ–≤–∏—á—É –∑–∞ —Ç–æ, —á—Ç–æ –Ω–µ –ø–æ–±–æ—è–ª—Å—è –≤–∑—è—Ç—å –º–æ–µ–≥–æ —Å—ã–Ω–∞ , —Ö–æ—Ç—è —Ä–µ–±–µ–Ω–æ–∫ –æ—á–µ–Ω—å —Å–ª–æ–∂–Ω—ã–π . –°—á–∏—Ç–∞—é , —á—Ç–æ –ø—Ä–æ—Ñ–µ—Å—Å–∏–æ–Ω–∞–ª–∏–∑–º –≤—Ä–∞—á–∞ –∑–∞–∫–ª—é—á–∞–µ—Ç—Å—è –≤ —Ç–æ–º , —á—Ç–æ –≤–∑—è—Ç—å –∏ –Ω–µ –ø–æ–±–æ—è—Ç—å—Å—è –æ—Ç–≤–µ—Ç—Å—Ç–≤–µ–Ω–Ω–æ—Å—Ç–∏ , –≥–¥–µ –∫–∞–∑–∞–ª–æ—Å—å –±—ã –Ω–∞–¥–µ–∂–¥—ã –Ω–µ—Ç. –õ–µ—á–µ–Ω–∏–µ –Ω–∞—à–µ –¥–ª–∏—Ç—Å—è —É–∂–µ –≤—Ç–æ—Ä–æ–π –≥–æ–¥ –∏ –ø–æ—Å–ª–µ –≤—Ç–æ—Ä–æ–≥–æ –∫—É—Ä—Å–∞ —Ä–µ–∞–±–∏–ª–∏—Ç–∞—Ü–∏–∏ —É —Ä–µ–±–µ–Ω–∫–∞ –ø—Ä–æ–∏–∑–æ—à–µ–ª –æ—á–µ–Ω—å —Ö–æ—Ä–æ—à–∏–π —Å–∫–∞—á–æ–∫ , –¥–∞–ª—å—à–µ –±—É–¥–µ—Ç —Ç–æ–ª—å–∫–æ –ª—É—á—à–µ. –µ—â—ë",5.0
–ú–µ–¥–∏—Ü–∏–Ω—Å–∫–∏–π —Ü–µ–Ω—Ç—Ä –¥–æ–∫—Ç–æ—Ä–∞ –ë–æ–ª–¥—ã—Ä–µ–≤–∞,https://yandex.ru/maps/org/meditsinskiy_tsentr_doktora_boldyreva/112675622896/reviews,"–°—ã–Ω—É 11 –ª–µ—Ç –≤ –ü–∏—Ç–µ—Ä–µ –≤ –∏–Ω—Å—Ç–∏—Ç—É—Ç–µ –ú–æ–∑–≥–∞ –ø–æ—Å—Ç–∞–≤–∏–ª–∏ –†–ê–° –∏ –°–î–í–ì. –ù–∞–∑–Ω–∞—á–∏–ª–∏ –ª–µ—á–µ–Ω–∏–µ –Ω–∞ –°–î–í–ì –ø—Ä–µ–ø–∞—Ä–∞—Ç–∞–º–∏ . –ü—Ä–æ—Ö–æ–¥–∏–ª–∏ –≥–æ–¥ –∫—É—Ä—Å —É –Ω–µ–π—Ä–æ–ø—Å–∏—Ö–æ–ª–æ–≥–∏–∏ –≤ —Ü–µ–Ω—Ç—Ä–µ –õ—É—Ä–∏—è , –¥–∏–Ω–∞–º–∏–∫–∞ –Ω–µ—Ä–µ–∞–ª—å–Ω–∞—è . –£ –ë–æ–ª–¥–∞—Ä–µ–≤–∞ –±—ã–ª–∏ —Å —Å—ã–Ω–æ–º –ª–µ—Ç –≤ 5-6 , –ø–æ—Å–ª–µ –ª–µ—á–µ–Ω–∏—è –∏–∑–º–µ–Ω–µ–Ω–∏–π —è –Ω–µ –∑–∞–º–µ—Ç–∏–ª–∞ . –í –∏—é–Ω–µ –ø—Ä–æ—Ö–æ–¥–∏–ª–∏ –≤ –º–µ–¥—Å–∏ –æ–±—Å–ª–µ–¥–æ–≤–∞–Ω–∏—è –ú–†–¢, —É–∑–∏ , —ç—ç–≥ –∏ –Ω–∞–∑–Ω–∞—á–∏–ª–∏ –¥–Ω–µ–≤–Ω–æ–π —Å–æ–Ω . –ü—Ä–∏–µ—Ö–∞–ª–∏ –Ω–∞ –ø—Ä–∏–µ–º –∫ –ë–æ–ª–¥–∞—Ä–µ–≤—É –æ–Ω —Å–∫–∞–∑–∞–ª –æ—Ç–º–µ–Ω–∏—Ç—å –ª–µ—á–µ–Ω–∏–µ –¥–ª—è –°–î–í–ì –∏ –ª–µ—á–∏—Ç—Å—è —Ç–æ–ª—å–∫–æ –µ–≥–æ –ø—Ä–µ–ø–∞—Ä–∞—Ç–∞–º–∏ . –û–±—Å—É–∂–¥–µ–Ω–∏–µ –∏—Å–∫–ª—é—á–µ–Ω–∏—è –æ–º–µ–≥–∏ –ø—Ä–∏–≤–µ–ª–æ –∫ –∞–≥—Ä–µ—Å—Å–∏–≤–Ω–æ–º—É –ø–æ–≤–µ–¥–µ–Ω–∏—é –≤—Ä–∞—á–∞ . –û–Ω –ø–æ–ø—Ä–æ—Å–∏–ª —É–±—Ä–∞—Ç—å –º–æ–π —Ç–µ–ª–µ—Ñ–æ–Ω –≤ —Å—É–º–∫—É —Ç–∞–∫ –∫–∞–∫ —è–∫–æ–±—ã —è –µ–≥–æ –∑–∞–ø–∏—Å—ã–≤–∞—é . –ö–æ–≥–¥–∞ —è –ø–æ–ø—Ä–æ—Å–∏–ª–∞ –ø–æ–∫–∞–∑–∞—Ç—å –º–Ω–µ –≤ –æ–±—Å–ª–µ–¥–æ–≤–∞–Ω–∏—è—Ö —É–∑–∏ –µ–≥–æ –¥–∏–∞–≥–Ω–æ–∑ –æ–Ω —Ä–µ–∑–∫–æ –æ—Ç–∫–∞–∑–∞–ª—Å—è . –î–æ—Å–ª–æ–≤–Ω–æ —è –≤–∞–º –Ω–µ —Å–æ–±–∏—Ä–∞—é—Å—å –Ω–∏—á–µ–≥–æ –æ–±—ä—è—Å–Ω—è—Ç—å . –ü–æ–ª–Ω–∞—è –Ω–µ –∫–æ–º–ø–µ—Ç–µ–Ω—Ü–∏—è –≤—Ä–∞—á–∞ . –£ –º–æ–µ–≥–æ —Ä–µ–±–µ–Ω–∫–∞ —Å–µ–π—á–∞—Å –≤—Å–µ —Å—Ç–∞–±–∏–ª—å–Ω–æ , —É—á–∏—Ç—Å—è —Ö–æ—Ä–æ—à–æ , —É—Å–∏–¥—á–∏–≤ –≤ —Å–ø–æ—Ä—Ç–µ –≤—Å–µ —Ö–æ—Ä–æ—à–æ . –î–æ–≤–µ—Ä—è—Ç—å —á–µ–ª–æ–≤–µ–∫—É —Å —Ç–∞–∫–æ–π –∞–≥—Ä–µ—Å—Å–∏–µ–π —è –∫–∞–∫ –º–∞–º–∞ –Ω–µ –±—É–¥—É . –Ø –¥–æ–≤–µ—Ä—è—é —Å–≤–æ–µ–º—É –≤–Ω—É—Ç—Ä–µ–Ω–Ω–µ–º—É –≥–æ–ª–æ—Å—É , –∞ –Ω–µ —Å—Ç—Ä–∞—Ö—É . –ü–∏—à—É –¥–ª—è —Ç–æ–≥–æ —á—Ç–æ–±—ã –ª—é–¥–∏ –∑–Ω–∞–ª–∏ –∫—É–¥–∞ –∏–¥—É—Ç . –î–µ—Ç–∫–∏ –≤—Å–µ —Ä–∞–∑–Ω—ã–µ —É –≤—Å–µ—Ö —Å–≤–æ–∏ –æ—Å–æ–±–µ–Ω–Ω–æ—Å—Ç–∏ –Ω–µ –ø–æ–∑–≤–æ–ª—è–π—Ç–µ –≤—Ä–∞—á–∞–º –∑–∞–ø—É–≥–∏–≤–∞—Ç—å –≤–∞—Å –∏ –Ω–∞ —Å—Ç—Ä–∞—Ö–µ –¥–µ–ª–∞—Ç—å –∫–∞–∫ –æ–Ω–∏ –≥–æ–≤–æ—Ä—è—Ç . –ó–¥–æ—Ä–æ–≤—å—è –¥–µ—Ç–∫–∞–º ‚ù§Ô∏è –µ—â—ë",1.0
–ú–µ–¥–∏—Ü–∏–Ω—Å–∫–∏–π —Ü–µ–Ω—Ç—Ä –¥–æ–∫—Ç–æ—Ä–∞ –ë–æ–ª–¥—ã—Ä–µ–≤–∞,https://yandex.ru/maps/org/meditsinskiy_tsentr_doktora_boldyreva/112675622896/reviews,"–ù–∞—á–∞–ª–∏ –Ω–∞–±–ª—é–¥–∞—Ç—å—Å—è —É –≤—Ä–∞—á–∞ –µ—â–µ –≤ 2021 –≥, —Å —Ç–µ—Ö –ø–æ—Ä –ø–æ—Å–µ—â–∞–µ–º —Ä–µ–≥—É–ª—è—Ä–Ω–æ —Ç–∫ –¥–∏–Ω–∞–º–∏–∫–∞ –≤–∏–¥–Ω–∞, –≤ –±—ã—Ç–æ–≤—ã—Ö —Å–∏—Ç—É–∞—Ü–∏—è—Ö —É —Å—ã–Ω–∞ –ø–æ–Ω–∏–º–∞–Ω–∏—è —Å—Ç–∞–ª–æ –±–æ–ª—å—à–µ, —Ö–≤–∞–ª—è—Ç –ø–µ–¥–∞–≥–æ–≥–∏, –ø–æ—Ç–∏—Ö–æ–Ω—å–∫—É –≥–æ—Ç–æ–≤–∏–º –∫ —à–∫–æ–ª–µ. –í—ã–≤–µ–ª –Ω–∞—Å –≤—Ä–∞—á –Ω–∞ —É—Ä–æ–≤–µ–Ω—å, —Å—ã–Ω –ø–æ–π–¥—ë—Ç –≤ —à–∫–æ–ª—É –ø–æ –æ–±—ã—á–Ω–æ–π –ø—Ä–æ–≥—Ä–∞–º–º–µ, –Ω–∞ —á—Ç–æ –∏–∑–Ω–∞—á–∞–ª—å–Ω–æ –∏ –Ω–µ —Ä–∞—Å—Å—á–∏—Ç—ã–≤–∞–ª–∏. –ü—Ä–æ—Ü–µ–¥—É—Ä—ã –æ–∫—Å–∏–≥–µ–Ω–∞—Ü–∏–∏ –¥–ª—è –Ω–∞—Å –±—ã–ª–∏ —á–µ–º —Ç–æ –Ω–æ–≤—ã–º, –¥–æ —ç—Ç–æ–≥–æ –∏ –Ω–µ —Å–ª—ã—à–∞–ª–∏ –ø—Ä–æ —Ç–∞–∫–æ–µ, –Ω–æ —Ä–µ–∑—É–ª—å—Ç–∞—Ç –ø–æ—Ä–∞–¥–æ–≤–∞–ª –ø—Ä–æ–≥—Ä–µ—Å—Å–æ–º –≤ –ª–µ—á–µ–Ω–∏–∏. –°–ø–∞—Å–∏–±–æ –ë–æ–ª–¥—ã—Ä–µ–≤—É –í. –ì., –≤—ã–∑—ã–≤–∞–µ—Ç –¥–æ–≤–µ—Ä–∏–µ –∏ —É–≤–∞–∂–µ–Ω–∏–µ. –µ—â—ë",5.0
–ú–µ–¥–∏—Ü–∏–Ω—Å–∫–∏–π —Ü–µ–Ω—Ç—Ä –¥–æ–∫—Ç–æ—Ä–∞ –ë–æ–ª–¥—ã—Ä–µ–≤–∞,https://yandex.ru/maps/org/meditsinskiy_tsentr_doktora_boldyreva/112675622896/reviews,"–°–ª–µ–¥—É—é—â–∏–π –ø–∞—Ü–∏–µ–Ω—Ç –±—ã–ª –º–æ–π –º—É–∂ , –∑–∞–ø–∏—Å—å –ø—Ä–æ–≤–µ—Ä—å—Ç–µ . –ú—É–∂ –ø—Ä–∏–≥–ª–∞—Å–∏–ª –∏ –∫–æ–≥–¥–∞ —è –ø–æ–ø—Ä–æ—Å–∏–ª–∞ —Ä–∞–∑—ä—è—Å–Ω–∏—Ç—å , –≥–¥–µ –Ω–∞ –æ–±—Å–ª–µ–¥–æ–≤–∞–Ω–∏—è—Ö —É –º–æ–µ–≥–æ —Å—ã–Ω–∞ –∂–∏–¥–∫–æ—Å—Ç—å –≤ –≥–æ–ª–æ–≤–µ . –í—Ä–∞—á –æ—Ç–∫–∞–∑–∞–ª . –î–æ—Å–ª–æ–≤–Ω–æ –¥–∞ —è –≤–∞–º –æ—Ç–∫–∞–∑—ã–≤–∞—é—Å—å –ø–æ–∫–∞–∑–∞—Ç—å . –ú—É–∂ —ç—Ç–æ –≤—Å–µ —Å–ª—ã—à–∞–ª , –æ–Ω —Ç–æ–∂–µ –æ—Ç–∫–∞–∑–∞–ª—Å—è —É –Ω–µ–≥–æ –ª–µ—á–∏—Ç—Å—è —Ç–∞–∫ –∫–∞–∫ —Å—á–∏—Ç–∞–µ—Ç —Ç–∞–∫–æ–µ –ø–æ–≤–µ–¥–µ–Ω–∏–µ –Ω–µ –∫–æ–º–ø–µ—Ç–µ–Ω—Ç–Ω—ã–º . –£ –º–æ–µ–≥–æ —Å—ã–Ω–∞ –±—ã–ª–æ –æ–±—à–∏—Ä–Ω–æ–µ –æ–±—Å–ª–µ–¥–æ–≤–∞–Ω–∏–µ –≤ –ú—ç–¥—Å–∏ –ú–†–¢ —É–∑–∏, —Ç–∞–º –Ω–µ—Ç —É –Ω–µ–≥–æ –∂–∏–¥–∫–æ—Å—Ç–∏ . –Ø –ø–æ—Ç—Ä–∞—Ç–∏–ª–∞ –≤—Ä–µ–º—è –∏ —Å–≤–æ–∏ –¥–µ–Ω—å–≥–∏ –Ω–∞ –≤–∞—à—É –∫–ª–∏–Ω–∏–∫—É, –Ω–∞ –º–æ–∏ –≤–æ–ø—Ä–æ—Å—ã –≤—Ä–∞—á –æ—Ç–∫–∞–∑–∞–ª—Å—è –æ—Ç–≤–µ—á–∞—Ç—å . –°—Å—ã–ª–∞—è—Å—å –Ω–∞ —Ç–æ ,—á—Ç–æ —è –Ω–µ –≤—Ä–∞—á –∏ –º–Ω–µ –Ω–µ—á–µ–≥–æ –æ–±—ä—è—Å–Ω—è—Ç—å . –°—á–∏—Ç–∞—é –ë–æ–ª–¥–∞—Ä–µ–≤–∞ –Ω–µ –∫–æ–º–ø–µ—Ç–µ–Ω—Ç–Ω—ã–º –≤—Ä–∞—á–µ–º . –µ—â—ë",1.0
–ú–µ–¥–∏—Ü–∏–Ω—Å–∫–∏–π —Ü–µ–Ω—Ç—Ä –¥–æ–∫—Ç–æ—Ä–∞ –ë–æ–ª–¥—ã—Ä–µ–≤–∞,https://yandex.ru/maps/org/meditsinskiy_tsentr_doktora_boldyreva/112675622896/reviews,"–ü—Ä–æ—Ö–æ–¥–∏–ª–∏ —Å –¥–æ—á–∫–æ–π –∫—É—Ä—Å –ì–ë–û+–¢–ú–° –≤ –∞–≤–≥—É—Å—Ç–µ, 10 –¥–Ω–µ–π. –î–æ—á–∫–µ 1.3 –≥–æ–¥–∞. –ü–µ—Ä–≤—ã–µ –Ω–µ—Å–∫–æ–ª—å–∫–æ –¥–Ω–µ–π –≤ –∫–∞–±–∏–Ω–µ –±—ã–ª–æ —Å–ª–æ–∂–Ω–æ, –ø—Ä–∏–≤—ã–∫–∞–ª–∏ –∫ –º–∞—Å–∫–µ –∏ –∏–∑–º–µ–Ω–µ–Ω–∏—é –¥–∞–≤–ª–µ–Ω–∏—è. –ù–∞ —Ç—Ä–µ—Ç–∏–π –¥–µ–Ω—å —É–∂–µ —Å–∞–º–∞ –±–µ–∂–∞–ª–∞ —Å —Ä–∞–¥–æ—Å—Ç—å—é –≤ ¬´–∫–æ—Å–º–∏—á–µ—Å–∫–∏–π –∫–æ—Ä–∞–±–ª—å¬ª, –∫–∞–∫ –µ–≥–æ –Ω–∞–∑—ã–≤–∞—é—Ç —Å–∞–º–∏ —Å–æ—Ç—Ä—É–¥–Ω–∏–∫–∏. –° –¢–ú–° –ø—Ä–æ—â–µ - –æ—Ç 5 –¥–æ 15 –º–∏–Ω—É—Ç –ø–æ—Å–∏–¥–µ—Ç—å , –¥–µ—Ä–∂–∞ —à–ª–µ–º, –∏ —Å–∏–ª—å–Ω–æ –Ω–µ –≤–µ—Ä—Ç–µ—Ç—å –≥–æ–ª–æ–≤–æ–π. –ü–æ —Ä–µ–∑—É–ª—å—Ç–∞—Ç–∞–º: –ø–æ—è–≤–∏–ª–∞—Å—å –æ–±—Ä–∞—â–µ–Ω–Ω–∞—è —Ä–µ—á—å, —Å–æ–≤–º–µ—Å—Ç–Ω–∞—è –∏–≥—Ä–∞, –Ω–æ—Ä–º–∞–ª–∏–∑–æ–≤–∞–ª—Å—è —Å–æ–Ω, –ø–æ—à–ª–∏ —Ñ—Ä–∞–∑—ã –∏ –ø—Ä–æ—Å—å–±—ã. –ù–∞—É—á–∏–ª–∞—Å—å —Å–∞–º–æ—Å—Ç–æ—è—Ç–µ–ª—å–Ω–æ —Ä–∞—Å–∫–∞—á–∏–≤–∞—Ç—å—Å—è –≤ –¥–µ—Ç—Å–∫–∏—Ö –∫–∞—á–µ–ª—è—Ö. –°–ø–∞—Å–∏–±–æ —Ü–µ–Ω—Ç—Ä—É, –∫–æ–ª–ª–µ–∫—Ç–∏–≤—É –∑–∞ –∑–∞–±–æ—Ç—É, –¥–æ–∫—Ç–æ—Ä–∞–º –∑–∞ –≥—Ä–∞–º–æ—Ç–Ω—ã–µ –Ω–∞–∑–Ω–∞—á–µ–Ω–∏—è. –¢–µ—Ä–ø–µ–ª–∏–≤–æ, –Ω–µ–±–æ–ª—å—à–∏–º–∏ —à–∞–≥–∞–º–∏ –∏–¥–µ–º –∫ —Ä–µ–∑—É–ª—å—Ç–∞—Ç—É! –µ—â—ë",5.0
–ú–µ–¥–∏—Ü–∏–Ω—Å–∫–∏–π —Ü–µ–Ω—Ç—Ä –¥–æ–∫—Ç–æ—Ä–∞ –ë–æ–ª–¥—ã—Ä–µ–≤–∞,https://yandex.ru/maps/org/meditsinskiy_tsentr_doktora_boldyreva/112675622896/reviews,"–ë—ã–ª–∞ —Å —Ä–µ–±–µ–Ω–∫–æ–º (1,5 –≥–æ–¥–∞) –≤ –∫–ª–∏–Ω–∏–∫–µ –≥–æ–¥ –Ω–∞–∑–∞–¥, –Ω–æ –¥–æ —Å–∏—Ö –ø–æ—Ä –Ω–µ –º–æ–≥—É —É—Å–ø–æ–∫–æ–∏—Ç—å—Å—è. –ó–∞—à–ª–∏ –Ω–∞ –ø—Ä–∏–µ–º –∫ –ë–æ–ª–¥—ã—Ä–µ–≤—É –í–ì –∏ –æ–Ω —Å –ø–æ—Ä–æ–≥–∞ –Ω–∞—á–∞–ª —Å—ã–ø–∞—Ç—å –¥–∏–∞–≥–Ω–æ–∑–∞–º–∏: –¥—Ü–ø, –∞—É—Ç–∏–∑–º. –ü–µ—Ä–≤–æ–µ –∂–µ–ª–∞–Ω–∏–µ –±—ã–ª–æ —Ä–∞–∑–≤–µ—Ä–Ω—É—Ç—å—Å—è –∏ —É–π—Ç–∏, –Ω–æ –ø–æ—Ç–æ–º —Ä–µ—à–∏–ª–∞ –ø–µ—Ä–µ–±–æ—Ä–æ—Ç—å —Å–µ–±—è –∏ –æ—Å—Ç–∞—Ç—å—Å—è, –≤–µ–¥—å –º—ã –µ—Ö–∞–ª–∏ —Å —Ä–µ–±–µ–Ω–∫–æ–º –∏–∑ –¥—Ä—É–≥–æ–≥–æ –≥–æ—Ä–æ–¥–∞ 5 —á–∞—Å–æ–≤, —Å—Ç–æ–∏–º–æ—Å—Ç—å –ø—Ä–∏–µ–º–∞ 10 000 —Ä—É–±–ª–µ–π!!!!! –°–¥–µ–ª–∞–ª —É–∑–∏, —Å–∫–∞–∑–∞–ª —á—Ç–æ —É —Ä–µ–±–µ–Ω–∫–∞ –≥–∏–¥—Ä–æ—Ü–µ—Ñ–∞–ª–∏—è, —á—Ç–æ –æ–Ω –º–∞–∫—Å–∏–º–∞–ª—å–Ω–æ –ø–ª–æ—Ö –∏ –Ω—É–∂–Ω–æ —Å—Ä–æ—á–Ω–æ –ª–µ—á–∏—Ç—å. –ü—Ä–æ–ø–∏—Å–∞–ª —Ç–∞–±–ª–µ—Ç–∫–∏ –∏ –Ω–∞—Å—Ç–æ—è—Ç–µ–ª—å–Ω–æ —Ä–µ–∫–æ–º–µ–Ω–¥–æ–≤–∞–ª –ø—Ä–∏–µ—Ö–∞—Ç—å –≤ –ú–æ—Å–∫–≤—É –¥–ª—è –∫—É—Ä—Å–∞ –≤ –±–∞—Ä–æ–∫–∞–º–µ—Ä–µ –≤ –µ–≥–æ —Ü–µ–Ω—Ç—Ä–µ (50 —Ç—Ä -–∫—É—Ä—Å). –ú—ã –Ω–µ –ø–æ–µ—Ö–∞–ª–∏, –Ω–æ –æ–±—Å–ª–µ–¥–æ–≤–∞–Ω–∏–µ –ø—Ä–æ–≤–µ–ª–∏: –Ω–∏–∫–∞–∫–æ–π –≥–∏–¥—Ä–æ—Ü–µ—Ñ–∞–ª–∏–∏ —É –Ω–µ–≥–æ –Ω–µ—Ç!!! –ò –¥—Ü–ø —Ç–æ–∂–µ –Ω–µ—Ç, —Å–ø—É—Å—Ç—è –≥–æ–¥ —ç—Ç–æ —É–∂–µ –º–æ–∂–Ω–æ —É—Ç–≤–µ—Ä–∂–¥–∞—Ç—å. –ê –∞—É—Ç–∏–∑–º –≤ 1,5 –Ω–µ –¥–∏–∞–≥–Ω–æ—Å—Ç–∏—Ä—É–µ—Ç—Å—è. –í–æ–æ–±—â–µ–º –µ—Å–ª–∏ –≤–∞–º –¥–æ—Ä–æ–≥ —Ä–µ–±–µ–Ω–æ–∫ -–Ω–µ –≤–µ–¥–∏—Ç–µ—Å—å –Ω–∞ –ø–∞—Ñ–æ—Å –∫–ª–∏–Ω–∏–∫–∏, —ç—Ç–æ –º—ã–ª—å–Ω—ã–π –ø—É–∑—ã—Ä—å, –ª—é–¥–∏ –¥–µ–ª–∞—é—Ç –¥–µ–Ω—å–≥–∏ –Ω–∞ —á—É–∂–æ–º –≥–æ—Ä–µ! –µ—â—ë",1.0
–ú–µ–¥–∏—Ü–∏–Ω—Å–∫–∏–π —Ü–µ–Ω—Ç—Ä –¥–æ–∫—Ç–æ—Ä–∞ –ë–æ–ª–¥—ã—Ä–µ–≤–∞,https://yandex.ru/maps/org/meditsinskiy_tsentr_doktora_boldyreva/112675622896/reviews,"–í –Ω–∞—à–µ –≤—Ä–µ–º—è –æ—á–µ–Ω—å —Å–ª–æ–∂–Ω–æ –Ω–∞–π—Ç–∏ –∑–Ω–∞—é—â–µ–≥–æ, –æ–ø—ã—Ç–Ω–æ–≥–æ –¥–æ–∫—Ç–æ—Ä–∞. –ö–æ–≥–¥–∞ —Å—Ç–æ–∏—Ç –∑–∞–¥–∞—á–∞ –Ω–∞–π—Ç–∏ –¥–ª—è —Ä–µ–±—ë–Ω–∫–∞, —ç—Ç–æ –µ—â—ë —Å–ª–æ–∂–Ω–µ–µ. –ù–∞–º –æ—á–µ–Ω—å –ø–æ–≤–µ–∑–ª–æ –º—ã –Ω–∞—à–ª–∏ —Ç–∞–∫–æ–≥–æ –¥–æ–∫—Ç–æ—Ä–∞. –í–ª–∞–¥–∏–º–∏—Ä –ì–µ–Ω–Ω–∞–¥—å–µ–≤–∏—á, —Å–ø–∞—Å–∏–±–æ –í–∞–º, –∑–∞ –Ω–∞—à—É –¥–æ—á–∫—É –ú–∞—à–µ–Ω—å–∫—É, –∑–∞ –Ω–∞—à–∏ —É—Å–ø–µ—Ö–∏!!! –ë–ª–∞–≥–æ–¥–∞—Ä—è –º–µ–Ω–¥–∏–∫–æ–º–µ–Ω—Ç–æ–∑–Ω–æ–º—É –ª–µ—á–µ–Ω–∏—é —É—Å—Ç—Ä–∞–Ω—è–µ–º –ø–æ—Å–ª–µ–¥—Å—Ç–≤–∏—è –ø–µ—Ä–∏–Ω–∞—Ç–∞–ª—å–Ω–æ–≥–æ –ø–æ—Ä–∞–∂–µ–Ω–∏—è —Ü–µ–Ω—Ç—Ä–∞–ª—å–Ω–æ–π –Ω–µ—Ä–≤–Ω–æ–π —Å–∏—Å—Ç–µ–º—ã. –ê –∫–∏—Å–ª–æ—Ä–æ–¥–æ—Ç–µ—Ä–∞–ø–∏—è –∏ –¢–ú–° –æ—á–µ–Ω—å –ø–æ–º–æ–≥–ª–∏ –Ω–∞–º —Å –∑–∞–¥–µ—Ä–∂–∫–æ–π —Ä–µ—á–∏. –ë—É–∫–≤–∞–ª—å–Ω–æ –ø–æ—Å–ª–µ –≤—Ç–æ—Ä–æ–π –ø—Ä–æ—Ü–µ–¥—É—Ä—ã –¥–æ—á–∫–∞ —Å—Ç–∞–ª–∞ –±–æ–ª—å—à–µ –∏ –ª—É—á—à–µ –≥–æ–≤–æ—Ä–∏—Ç—å. –ü–æ –æ–∫–æ–Ω—á–∞–Ω–∏—é –∫—É—Ä—Å–∞ –≤–∏–¥–µ–Ω –∫–æ–ª–æ—Å—Å–∞–ª—å–Ω—ã–π —Ä–µ–∑—É–ª—å—Ç–∞—Ç. –ú—ã –≤ –Ω–∞–¥—ë–∂–Ω—ã—Ö —Ä—É–∫–∞—Ö. –°–ø–∞—Å–∏–±–æ –±–æ–ª—å—à–æ–µ –í—Å–µ–º —Å–æ—Ç—Ä—É–¥–Ω–∏–∫–∞–º —Ü–µ–Ω—Ç–∞ –∑–∞ —Ç–µ—Ä–ø–µ–Ω–∏–µ, –≤–Ω–∏–º–∞—Ç–µ–ª—å–Ω–æ–µ –∏ —Ç—Ä–µ–ø–µ—Ç–Ω–æ–µ –æ—Ç–Ω–æ—à–µ–Ω–∏–µ –∫ –ø–∞—Ü–∏–µ–Ω—Ç–∞–º!!!! –µ—â—ë",5.0
–ú–µ–¥–∏—Ü–∏–Ω—Å–∫–∏–π —Ü–µ–Ω—Ç—Ä –¥–æ–∫—Ç–æ—Ä–∞ –ë–æ–ª–¥—ã—Ä–µ–≤–∞,https://yandex.ru/maps/org/meditsinskiy_tsentr_doktora_boldyreva/112675622896/reviews,"–ö —Å–æ–∂–∞–ª–µ–Ω–∏—é –ø—Ä–æ–µ–∑–¥–∏–ª–∏ –ø–æ—á—Ç–∏ –¥–≤–∞ –≥–æ–¥–∞,–Ω–æ –∫–∞–∫ –æ–∫–∞–∑–∞–ª–æ—Å—å –ø–æ –æ–±—Å–ª–µ–¥–æ–≤–∞–Ω–∏—é –≤ –¥—Ä—É–≥–∏—Ö –∫–ª–∏–Ω–∏–∫–∞—Ö —Ç–æ–π –∂–µ –ú–æ—Å–∫–≤—ã,—Ä–µ–±—ë–Ω–∫—É –ø—Ä–æ—Ç–∏–≤–æ–ø–æ–∫–∞–∑–∞–Ω—ã –±—ã–ª–∏ —Å—Ç–∏–º—É–ª—è—Ü–∏–∏ –º–∞–≥–Ω–∏—Ç–∞–º–∏....–∏ –≠–≠–ì –≤ —Ç–µ—á–µ–Ω–∏–∏ 15 –º–∏–Ω—É—Ç —ç—Ç–æ –Ω–∏ –æ —á–µ–º...–¥–µ–ª–∞–ª–∏ –æ—Ç –¥–≤—É—Ö —á–∞—Å–æ–≤ –≤ –¥—Ä—É–≥–∏—Ö –∫–ª–∏–Ω–∏–∫–∞—Ö –∏ –≤–æ —Å–Ω–µ –∏ –±–µ–∑ –∏ –Ω–µ –∑–∞ —Ç–∞–∫–∏–µ –±–∞—Å–Ω–æ—Å–ª–æ–≤–Ω—ã–µ —Å—É–º–º—ã,–∫–∞–∫ –∑–∞–ª–∞–º—ã–≤–∞—é—Ç –∑–¥–µ—Å—å.–õ–µ—á–µ–Ω–∏–µ —Ç–æ–∂–µ –¥—Ä—É–≥–∏–º–∏ –≤—Ä–∞—á–∞–º–∏ –Ω–∞–∑–≤–∞–Ω–æ –Ω–µ –æ—Å–æ–±–æ —ç—Ñ—Ñ–µ–∫—Ç–∏–≤–Ω—ã–º...–ö —Å–æ–∂–∞–ª–µ–Ω–∏—é —Ç–æ–ª—å–∫–æ —Ñ–∏–Ω–∞–Ω—Å–æ–≤–∞—è —á–∞—Å—Ç—å —Å–∫–æ—Ä–µ–µ –≤—Å–µ–≥–æ –∏–Ω—Ç–µ—Ä–µ—Å—É–µ—Ç —Å–ø–µ—Ü–∏–∞–ª–∏—Å—Ç–æ–≤. –µ—â—ë",2.0
–ú–µ–¥–∏—Ü–∏–Ω—Å–∫–∏–π —Ü–µ–Ω—Ç—Ä –¥–æ–∫—Ç–æ—Ä–∞ –ë–æ–ª–¥—ã—Ä–µ–≤–∞,https://yandex.ru/maps/org/meditsinskiy_tsentr_doktora_boldyreva/112675622896/reviews,"–û—á–µ–Ω—å —Ö–æ—Ä–æ—à–∏–π —Ü–µ–Ω—Ç—Ä –ø–æ –ø—Ä–æ—Ñ–∏–ª—é –Ω–µ–≤—Ä–æ–ª–æ–≥–∏–∏. –î–æ–∫—Ç–æ—Ä–∞ –∑–∞—Å–ª—É–∂–∏–≤–∞—é—â–∏–µ —É–≤–∞–∂–µ–Ω–∏–µ .–ü–æ–¥—Ä–æ–±–Ω—ã–µ, –∞—Ä–≥—É–º–µ–Ω—Ç–∏—Ä–æ–≤–∞–Ω–Ω—ã–µ —Ä–µ–∫–æ–º–µ–Ω–¥–∞—Ü–∏–∏ –∏ –Ω–∞–∑–Ω–∞—á–µ–Ω–∏—è. –û—Ç–ª–∏—á–Ω–∞—è —Ä–∞–±–æ—Ç–∞ –≥—Ä—É–ø–ø—ã –∞–¥–º–∏–Ω–∏—Å—Ç—Ä–∏—Ä–æ–≤–∞–Ω–∏—è. –ü—Ä–æ—Ü–µ–¥—É—Ä—ã –ø—Ä–æ–≤–æ–¥—è—Ç—Å—è —Ö–æ—Ä–æ—à–∏–º–∏ —Å–ø–µ—Ü–∏–∞–ª–∏—Å—Ç–∞–º–∏.",5.0
–ú–µ–¥–∏—Ü–∏–Ω—Å–∫–∏–π —Ü–µ–Ω—Ç—Ä –¥–æ–∫—Ç–æ—Ä–∞ –ë–æ–ª–¥—ã—Ä–µ–≤–∞,https://yandex.ru/maps/org/meditsinskiy_tsentr_doktora_boldyreva/112675622896/reviews,"–ù–∞–±–ª—é–¥–∞–µ–º—Å—è 1.5 –≥–æ–¥–∞. –ú–æ–∂–µ—Ç —É –Ω–∞—Å —Å–ª—É—á–∞–π —Ç—è–∂—ë–ª—ã–π, –Ω–æ —Å–¥–≤–∏–≥–æ–≤ –Ω–∏–∫–∞–∫–∏—Ö, –º–æ–ª—á–∏—Ç, –≥–∏–ø–µ—Ä–∞–∫—Ç–∏–≤–Ω—ã–π, –ø—Ä–æ–±–ª–µ–º—ã —Å–æ —Å–Ω–æ–º, –ø–æ–≤–µ–¥–µ–Ω–∏–µ–º. –¢–∞–∫–∂–µ –±—ã–ª–∞ —Å–¥–µ–ª–∞–Ω–∞ –æ–ø—Ä–µ–¥–µ–ª—ë–Ω–Ω–∞—è –¥–∏–∞–≥–Ω–æ—Å—Ç–∏–∫–∞, –ø–æ –∫–æ—Ç–æ—Ä–æ–π –ø–æ–∫–∞–∑–∞–ª–æ –±–æ–ª—å—à—É—é –ø—Ä–æ–±–ª–µ–º—É. –í –∏—Ç–æ–≥–µ –º—ã –ø–æ—à–ª–∏ –≤ –¥–≤–∞ –¥—Ä—É–≥–∏—Ö —Ü–µ–Ω—Ç—Ä–∞ –ø–µ—Ä–µ–ø—Ä–æ–≤–µ—Ä–∏—Ç—å—Å—è, –∫–∞–∫ –æ–∫–∞–∑–∞–ª–æ—Å—å –≤—Å–µ —É –Ω–∞—Å —Ö–æ—Ä–æ—à–æ, –∑—Ä—è –Ω–µ—Ä–≤–Ω–∏—á–∞–ª–∏, —Ç–∞–∫ –∏ –¥–µ–Ω–µ–≥ –ø—Ä–æ—Å—Ç–æ —Ç–∞–∫ –∑–∞–ø–ª–∞—Ç–∏–ª–∏. –û—Ç–≥–æ–≤–∞—Ä–∏–≤–∞–ª –¥–µ–ª–∞—Ç—å –∏–Ω–≤–∞–ª–∏–¥–Ω–æ—Å—Ç—å, –ú–†–¢. –ß–∏—Ç–∞—é –ø–æ–ª–æ–∂–∏—Ç–µ–ª—å–Ω—ã–µ –æ—Ç–∑—ã–≤—ã, –Ω–µ—É–∂–µ–ª–∏ –≤—Å–µ–º –ø–æ–º–æ–≥–∞–µ—Ç, –∫—Ä–æ–º–µ –Ω–∞—Å? –î–æ–ø–æ–ª–Ω—è—é –æ—Ç–∑—ã–≤. –ü–æ—Å–ª–µ –ø—Ä–æ–≤–µ–¥—ë–Ω–Ω–æ–π –≤–∞–º–∏ –¥–∏–∞–≥–Ω–æ—Å—Ç–∏–∫–∏, –±—ã–ª–æ –æ–∑–≤—É—á–µ–Ω–æ, —á—Ç–æ –æ–Ω –ø–ª–æ—Ö–æ —Å–ª—ã—à–∏—Ç, –∏ —Å–∫–æ—Ä–µ–µ –≤—Å–µ–≥–æ –Ω—É–∂–µ–Ω —Å–ª—É—Ö–æ–≤–æ–π –∞–ø–ø–∞—Ä–∞—Ç –∏ –±–µ–≥–æ–º –Ω—É–∂–Ω–æ –∫ —Å—É—Ä–¥–æ–ª–æ–≥—É. –ü–æ—Å–ª–µ –ø—Ä–æ–≤–µ—Ä–∫–∏ —Å–ª—É—Ö–∞, –Ω–µ –±—ã–ª–æ –≤—ã—è–≤–ª–µ–Ω–æ –Ω–∏–∫–∞–∫–∏—Ö –Ω–∞—Ä—É—à–µ–Ω–∏–π. –¢–∞–∫–∏–º –æ–±—Ä–∞–∑–æ–º –ø–æ—Ç—Ä–∞—Ç–∏–ª–∏ –Ω–µ—Ä–≤—ã –∏ –¥–µ–Ω—å–≥–∏ –Ω–∞ —Å—É—Ä–¥–æ–ª–æ–≥–∞, –∫–æ–≥–¥–∞ –∫–∞–∂–¥–∞—è –∫–æ–ø–µ–π–∫–∞ –Ω–∞ —Å—á–µ—Ç—É, –≤–ø—É—Å—Ç—É—é. –ê –ø–æ –ø–æ–≤–æ–¥—É –∏–Ω–≤–∞–ª–∏–¥–Ω–æ—Å—Ç–∏, –Ω–∏–∫—Ç–æ –Ω–µ –≥–æ–≤–æ—Ä–∏—Ç, —á—Ç–æ –æ–Ω–∞ –ø–æ–º–æ–∂–µ—Ç –≤ —Ä–∞–∑–≤–∏—Ç–∏–∏. –ù–æ —Å–º—ã—Å–ª –±—ã–ª –Ω–∞—Å—Ç–æ–π—á–∏–≤–æ –æ—Ç–≥–æ–≤–∞—Ä–∏–≤–∞—Ç—å, –∫–æ–≥–¥–∞ —ç—Ç–æ –∏ –ª—å–≥–æ—Ç—ã, –∏ —Ä–∞–∑ –≤ –≥–æ–¥ —Ä–µ–∞–±–∏–ª–∏—Ç–∞—Ü–∏—è –Ω–∞ –º–æ—Ä–µ –∏ –º–∞—Ç–µ—Ä–∏–∞–ª—å–Ω–∞—è –ø–æ–º–æ—â—å. –Ø –≤ –∫—É—Ä—Å–µ, —á—Ç–æ –∏–Ω–≤–∞–ª–∏–¥–Ω–æ—Å—Ç—å –ø—Ä–µ–¥–ø–æ–ª–∞–≥–∞–µ—Ç, –µ—â–µ –∏ –Ω–µ–∫–æ—Ç–æ—Ä—ã–µ –æ–≥—Ä–∞–Ω–∏—á–µ–Ω–∏—è –≤–æ –≤–∑—Ä–æ—Å–ª–æ–º –≤–æ–∑—Ä–∞—Å—Ç–µ. –£–∂–µ –ø–æ–∏–Ω—Ç–µ—Ä–µ—Å–æ–≤–∞–ª–∏—Å—å. –Ø –Ω–∞–ø–∏—Å–∞–ª–∞ –æ—Ç–∑—ã–≤, —á—Ç–æ –Ω–∞–º –Ω–µ –ø–æ–º–æ–≥–ª–∏. –ù–∞–±–ª—é–¥–∞–ª–∏—Å—å —Ç–æ–ª—å–∫–æ —É –≤–∞—Å –∏ –Ω–∏–∫–∞–∫–∏—Ö –∏–∑–º–µ–Ω–µ–Ω–∏–π –Ω–µ –±—ã–ª–æ. –í—Å–µ. –µ—â—ë",2.0
–ú–µ–¥–∏—Ü–∏–Ω—Å–∫–∏–π —Ü–µ–Ω—Ç—Ä –¥–æ–∫—Ç–æ—Ä–∞ –ë–æ–ª–¥—ã—Ä–µ–≤–∞,https://yandex.ru/maps/org/meditsinskiy_tsentr_doktora_boldyreva/112675622896/reviews,"–ü—Ä–∏–µ–∑–∂–∞–µ–º —Ç—Ä–µ—Ç–∏–π —Ä–∞–∑ –∫ –¥–æ–∫—Ç–æ—Ä—É –ë–æ–ª–¥—ã—Ä–µ–≤—É, –µ—Å—Ç—å –ø–æ–ª–æ–∂–∏—Ç–µ–ª—å–Ω—ã–µ –∏–∑–º–µ–Ω–µ–Ω–∏—è –≤ —Ä–µ—á–∏ –∏ –ø–æ–≤–µ–¥–µ–Ω–∏–∏ —Ä–µ–±—ë–Ω–∫–∞, –Ω–∞ –ø—Ä–∏–µ–º–µ –∫–∞–∂–¥—ã–π —Ä–∞–∑ —É–∑–∏ –º–æ–∑–≥–∞, —Å–º–æ—Ç—Ä–∏–º –¥–∏–Ω–∞–º–∏–∫—É, –Ω–∞–∑–Ω–∞—á–µ–Ω–∏—è –≤—Å–µ –ø–æ –¥–µ–ª—É, –Ω–∏—á–µ–≥–æ –ª–∏—à–Ω–µ–≥–æ. –ü–µ—Ä—Å–æ–Ω–∞–ª –æ—á–µ–Ω—å –æ—Ç–∑—ã–≤—á–∏–≤—ã–π!",5.0
–ú–µ–¥–∏—Ü–∏–Ω—Å–∫–∏–π —Ü–µ–Ω—Ç—Ä –¥–æ–∫—Ç–æ—Ä–∞ –ë–æ–ª–¥—ã—Ä–µ–≤–∞,https://yandex.ru/maps/org/meditsinskiy_tsentr_doktora_boldyreva/112675622896/reviews,"–ë–ª–∞–≥–æ–¥–∞—Ä—é –≤—Ä–∞—á–µ–π –∏ –≤—Å–µ—Ö —Å–æ—Ç—Ä—É–¥–Ω–∏–∫–æ–≤ –º–µ–¥–∏—Ü–∏–Ω—Å–∫–æ–≥–æ —Ü–µ–Ω—Ç—Ä–∞ –∑–∞ –ø–æ–º–æ—â—å, –æ—Ç–∑—ã–≤—á–∏–≤–æ—Å—Ç—å –∏ —Å–µ–º–µ–π–Ω–æ–µ –∏ —Ç—ë–ø–ª–æ–µ –æ—Ç–Ω–æ—à–µ–Ω–∏–µ. –°–∞–º–∞ –Ω–∞–±–ª—é–¥–∞–ª–∞—Å—å —É –ë–æ–ª–¥—ã—Ä–µ–≤–∞ –í.–ì. –î–æ –±–µ—Ä–µ–º–µ–Ω–Ω–æ—Å—Ç–∏. –ö–æ–≥–¥–∞ —É–∑–Ω–∞–ª–∞, —á—Ç–æ –≤ –ø–æ–ª–æ–∂–µ–Ω–∏–∏ , –¥–æ–∫—Ç–æ—Ä –ø–æ—Å–æ–≤–µ—Ç–æ–≤–∞–ª –ø—Ä–æ–π—Ç–∏ –ø—Ä–æ—Ü–µ–¥—É—Ä—ã –≤ –∫–∞–º–µ—Ä–µ –≥–∏–ø–µ—Ä–±–∞—Ä–∏—á–µ—Å–∫–æ–π –æ–∫—Å–∏–≥–µ–Ω–∞—Ü–∏–∏, —á—Ç–æ–±—ã –∏–∑–±–µ–∂–∞—Ç—å –≤–Ω—É—Ç—Ä–∏—Ç—É—Ç—Ä–±–Ω–æ–π –≥–∏–ø–æ–∫—Å–∏–∏ –ø–ª–æ–¥–∞ ( –æ –µ–µ –ø–æ—Å–ª–µ–¥—Å—Ç–≤–∏—è—Ö –º–æ–∂–Ω–æ –ø—Ä–æ—á–∏—Ç–∞—Ç—å –≤ –∏–Ω—Ç–µ—Ä–Ω–µ—Ç–µ –∏–ª–∏ —Å–ø—Ä–æ—Å–∏—Ç—å —É –¥–æ–∫—Ç–æ—Ä–∞). –£ –º–µ–Ω—è –±—ã–ª –∂—É—Ç–∫–∏–π —Ç–æ–∫—Å–∏–∫–æ–∑ –∏ –ø–æ—Å–ª–µ –ø–µ—Ä–≤–æ–≥–æ —Å–µ–∞–Ω—Å–∞ –≤ –∫–∞–º–µ—Ä–µ - –º–Ω–µ —Å—Ç–∞–ª–æ –∑–Ω–∞—á–∏—Ç–µ–ª—å–Ω–æ –ª–µ–≥—á–µ!)) –ë–ª–∞–≥–æ–¥–∞—Ä—è –ø—Ä–æ—Ü–µ–¥—É—Ä–∞–º –≤ –∫–∞–º–µ—Ä–µ –≤—Å—é –±–µ—Ä–µ–º–µ–Ω–Ω–æ—Å—Ç—å –±—ã–ª —Ö–æ—Ä–æ—à–∏–π –∏ –∫—Ä–µ–ø–∫–∏–π —Å–æ–Ω. –ò –ø–æ —É–∑–∏ –≥–∏–Ω–µ–∫–æ–ª–æ–≥ –≤—Å–µ–≥–¥–∞ —Ä–∞–¥–æ–≤–∞–ª–∞ –ø—Ä–µ–∫—Ä–∞—Å–Ω—ã–º–∏ –ø–æ–∫–∞–∑–∞—Ç–µ–ª—è–º–∏ –º–∞–ª—ã—à–∫–∏! –°–∞–º–∏ –ø—Ä–æ—Ü–µ–¥—É—Ä—ã –ø—Ä–æ—Ö–æ–¥–∏–ª–∏ –º–∞–∫—Å–∏–º–∞–ª—å–Ω–æ –∫–æ–º—Ñ–æ—Ä—Ç–Ω–æ, –º–µ–¥—Å–µ—Å—Ç—Ä–∞ –∏–ª–∏ –¥–æ–∫—Ç–æ—Ä –≤—Å–µ–≥–¥–∞ –Ω–∞—Ö–æ–¥–∏–ª–∏—Å—å —Å–æ –º–Ω–æ–π. –ö–∞–º–µ—Ä–∞ —Å–æ–≤—Ä–µ–º–µ–Ω–Ω–∞—è, —è –±—Ä–∞–ª–∞ —Å —Å–æ–±–æ–π —Ç–µ–ª–µ—Ñ–æ–Ω –∏ —Å–ª—É—à–∞–ª–∞ —Ä–∞—Å—Å–ª–∞–±–ª—è—é—â—É—é –º—É–∑—ã–∫—É. –ë–ª–∞–≥–æ–¥–∞—Ä—è —Ç–æ–º—É, —á—Ç–æ –º—ã —Ä–µ—à–∏–ª–∏—Å—å –ø—Ä–æ–π—Ç–∏ –ø—Ä–æ—Ü–µ–¥—É—Ä—ã –∫–∏—Å–ª–æ—Ä–æ–¥–æ—Ç–µ—Ä–∞–ø–∏–∏, –Ω–∞—à –º–∞–ª—ã—à –±—ã—Å—Ç—Ä–æ –≤–æ—Å—Å—Ç–∞–Ω–æ–≤–∏–ª—Å—è –ø–æ—Å–ª–µ —Ä–æ–¥–æ–≤. –ü–ª–∞–Ω–∏—Ä—É–µ–º –µ—â—ë –∏ —Å –º–∞–ª—ã—à–∫–æ–π —Ö–æ–¥–∏—Ç—å –∏ –¥—ã—à–∞—Ç—å –∫–∏—Å–ª–æ—Ä–æ–¥–æ–º! –°–ø–∞—Å–∏–±–æ –º–µ–¥–∏—Ü–∏–Ω—Å–∫–æ–º—É —Ü–µ–Ω—Ç—Ä—É –¥–æ–∫—Ç–æ—Ä–∞ –ë–æ–ª–¥—ã—Ä–µ–≤–∞! –£—Å–ø–µ—Ö–æ–≤ –∏ –∑–¥–æ—Ä–æ–≤—å—è –≤—Å–µ–º –≤—Ä–∞—á–∞–º –∏ –∫–æ–ª–ª–µ–∫—Ç–∏–≤—É! –µ—â—ë",5.0
–ú–µ–¥–∏—Ü–∏–Ω—Å–∫–∏–π —Ü–µ–Ω—Ç—Ä –¥–æ–∫—Ç–æ—Ä–∞ –ë–æ–ª–¥—ã—Ä–µ–≤–∞,https://yandex.ru/maps/org/meditsinskiy_tsentr_doktora_boldyreva/112675622896/reviews,"–ü—Ä–æ—Ö–æ–¥–∏–ª–∏ –ª–µ—á–µ–Ω–∏–µ —É –ë–æ–ª–¥—ã—Ä–µ–≤–∞, –Ω–µ—Ç–∞–∫—Ç–∏—á–µ–Ω –ø–æ—Å–ª–µ –ø–æ—Å–ª–µ–¥–Ω–µ–≥–æ –ø—Ä–∏–µ–º–∞ –ø–æ–Ω—è–ª–∞, —á—Ç–æ –±–æ–ª—å—à–µ –Ω–µ –ø–æ–ª–µ—Ç–∏–º –≤ —ç—Ç—É –∫–ª–∏–Ω–∏–∫—É. –ß—Ç–æ –Ω–∞–∑–Ω–∞—á–∏–ª –≤ –ø–æ—Å–ª–µ–¥–Ω–∏–π —Ä–∞–∑ –±—ã–ª–æ –ø—Ä–æ—Ç–∏–≤–æ–ø–æ–∫–∞–∑–∞–Ω–æ.",1.0
–ú–µ–¥–∏—Ü–∏–Ω—Å–∫–∏–π —Ü–µ–Ω—Ç—Ä –¥–æ–∫—Ç–æ—Ä–∞ –ë–æ–ª–¥—ã—Ä–µ–≤–∞,https://yandex.ru/maps/org/meditsinskiy_tsentr_doktora_boldyreva/112675622896/reviews,"–•–æ—á—É –≤—ã—Ä–∞–∑–∏—Ç—å –æ–≥—Ä–æ–º–Ω—É—é –±–ª–∞–≥–æ–¥–∞—Ä–Ω–æ—Å—Ç—å –≤—Å–µ–º—É –∫–æ–ª–ª–µ–∫—Ç–∏–≤—É —Ü–µ–Ω—Ç—Ä–∞, –∏ –≤ —á–∞—Å—Ç–Ω–æ—Å—Ç–∏, –ë–æ–ª–¥—ã—Ä–µ–≤—É –í–ª–∞–¥–∏–º–∏—Ä—É –ì–µ–Ω–Ω–∞–¥—å–µ–≤–∏—á—É –∑–∞ –Ω–µ—Ä–∞–≤–Ω–æ–¥—É—à–∏–µ –∏ –ø—Ä–æ—Ñ–µ—Å—Å–∏–æ–Ω–∞–ª—å–Ω—ã–π –ø–æ–¥—Ö–æ–¥ –∫ –ª–µ—á–µ–Ω–∏—é. –û–±—Ä–∞—Ç–∏–ª–∞—Å—å –≤ –æ–∫—Ç—è–±—Ä–µ 2021 –≥–æ–¥–∞ —Å –∂–∞–ª–æ–±–∞–º–∏ –Ω–∞ –Ω–µ–ø—Ä–µ–∫—Ä–∞—â–∞—é—â–∏–µ—Å—è –≥–æ–ª–æ–≤–Ω—ã–µ –±–æ–ª–∏ –∏ –ø—Ä–µ—Ä—ã–≤–∏—Å—Ç—ã–π —Å–æ–Ω. –í—Ä–∞—á –≤–Ω–∏–º–∞—Ç–µ–ª—å–Ω–æ –≤—ã—Å–ª—É—à–∞–ª, —Å–¥–µ–ª–∞–ª –£–ó–ò, –ø–æ —Ä–µ–∑—É–ª—å—Ç–∞—Ç–∞–º –∫–æ—Ç–æ—Ä–æ–≥–æ –Ω–∞–∑–Ω–∞—á–∏–ª –ª–µ—á–µ–Ω–∏–µ –∏ –Ω–∞–ø—Ä–∞–≤–∏–ª –Ω–∞ –ø—Ä–æ—Ü–µ–¥—É—Ä—É –∫–∏—Å–ª–æ—Ä–æ–¥–æ—Ç–µ—Ä–∞–ø–∏–∏. –†–µ–∑—É–ª—å—Ç–∞—Ç–æ–º —è –æ—Å—Ç–∞–ª–∞—Å—å –æ—á–µ–Ω—å –¥–æ–≤–æ–ª—å–Ω–∞, –ø—Ä–æ—à–ª–∞ –∫—É—Ä—Å –∏–∑ 10 —Å–µ–∞–Ω—Å–æ–≤ –≤ –±–∞—Ä–æ–∫–∞–º–µ—Ä–µ –∏ –∑–∞–º–µ—Ç–∏–ª–∞ –∑–Ω–∞—á–∏—Ç–µ–ª—å–Ω—ã–µ —É–ª—É—á—à–µ–Ω–∏—è. –°–æ–Ω –Ω–æ—Ä–º–∞–ª–∏–∑–æ–≤–∞–ª—Å—è, —É—à–ª–∞ —Ç—Ä–µ–≤–æ–∂–Ω–æ—Å—Ç—å, –±—É–¥—Ç–æ —Å—Ç–∞–ª–∞ —è—Å–Ω–µ–µ –º—ã—Å–ª–∏—Ç—å. –û–±—è–∑–∞—Ç–µ–ª—å–Ω–æ –µ—â–µ —Ä–∞–∑ –ø—Ä–æ–π–¥—É –¥–∞–Ω–Ω—ã–π –∫—É—Ä—Å –∏ —Å —É–¥–æ–≤–æ–ª—å—Å—Ç–≤–∏–µ–º –ø—Ä–∏–¥—É –Ω–∞ –ø—Ä–∏–µ–º. –í–ª–∞–¥–∏–º–∏—Ä –ì–µ–Ω–Ω–∞–¥—å–µ–≤–∏—á - –≤—Ä–∞—á —Å –±–æ–ª—å—à–æ–π –±—É–∫–≤—ã, –∫–æ—Ç–æ—Ä—ã–π –∏—Å–∫—Ä–µ–Ω–Ω–µ –Ω–∞—Ü–µ–ª–µ–Ω –Ω–∞ –ø–æ–º–æ—â—å —Å–≤–æ–∏–º –ø–∞—Ü–∏–µ–Ω—Ç–∞–º! –µ—â—ë",5.0
–ú–µ–¥–∏—Ü–∏–Ω—Å–∫–∏–π —Ü–µ–Ω—Ç—Ä –¥–æ–∫—Ç–æ—Ä–∞ –ë–æ–ª–¥—ã—Ä–µ–≤–∞,https://yandex.ru/maps/org/meditsinskiy_tsentr_doktora_boldyreva/112675622896/reviews,"–í—Ä–∞—á –∏ –¥–∏–∞–≥–Ω–æ—Å—Ç —Å –±–æ–ª—å—à–æ–π –±—É–∫–≤—ã. –†–µ–∫–æ–º–µ–Ω–¥—É—é –≤—Å–µ–º –∏ –≤—Å–µ–≥–¥–∞. –ü–æ–¥–±–∏—Ä–∞–µ—Ç –≥—Ä–∞–º–æ—Ç–Ω–æ–µ –∏–Ω–¥–∏–≤–∏–¥—É–∞–ª—å–Ω–æ–µ –ª–µ—á–µ–Ω–∏–µ, —Å–æ–≤—Ä–µ–º–µ–Ω–Ω–æ–µ –æ–±–æ—Ä—É–¥–æ–≤–∞–Ω–∏–µ, –∫–æ—Ä—Ä–µ–∫—Ç–Ω—ã–π –ø–æ–¥—Ö–æ–¥! –¶–µ–Ω—Ç—Ä —Ä–∞—Å—à–∏—Ä—è–µ—Ç—Å—è! –î–∏–∞–≥–Ω–æ—Å—Ç–∏—á–µ—Å–∫–∏–π —Ü–µ–Ω—Ç—Ä —á–∏—Å—Ç—ã–π. –ö—Ä–∞—Å–∏–≤—ã–π. –°–∞–º –í—Ä–∞—á –í–ª–∞–¥–∏–º–∏—Ä –ì–µ–Ω–Ω–∞–¥—å–µ–≤–∏—á –æ—Ç –ë–æ–≥–∞.",5.0
–ú–µ–¥–∏—Ü–∏–Ω—Å–∫–∏–π —Ü–µ–Ω—Ç—Ä –¥–æ–∫—Ç–æ—Ä–∞ –ë–æ–ª–¥—ã—Ä–µ–≤–∞,https://yandex.ru/maps/org/meditsinskiy_tsentr_doktora_boldyreva/112675622896/reviews,"–ú—ã –∫–ª–∏–µ–Ω—Ç—ã –¥–∞–Ω–Ω–æ–≥–æ —Ü–µ–Ω—Ç—Ä–∞,—É–∂–µ –Ω–µ –ø–µ—Ä–≤—ã–π –≥–æ–¥ –≤—ã–±–∏—Ä–∞–µ–º. –ù—Ä–∞–≤–∏—Ç—Å—è,—á—Ç–æ –ø—Ä–∏—ë–º –ø–ª—é—Å —É–∑–¥–≥...–∏ –¥–∞–ª—å–Ω–µ–π—à–µ–º –≤ –¥–∏–Ω–∞–º–∏–∫–µ –º–æ–∂–Ω–æ —Å–º–æ—Ç—Ä–µ—Ç—å...–∏ –Ω–µ –Ω—É–∂–Ω–æ –æ—Ç–¥–µ–ª—å–Ω–æ –≥–¥–µ —Ç–æ –ø—Ä–æ—Ö–æ–¥–∏—Ç—å. –û—á –∫–ª–∞—Å—Å–Ω–æ, –¥–æ–∫—Ç–æ—Ä –ë–æ–ª–¥—ã—Ä–µ–≤ –≤—Å–µ–≥–¥–∞ –æ—Ç–≤–µ—á–∞–µ—Ç –Ω–∞ –≤—Å–µ –∏–Ω—Ç–µ—Ä–µ—Å—É—é—â–∏–µ –≤–æ–ø—Ä–æ—Å—ã,—á—ë—Ç–∫–æ –∏ –ø–æ–Ω—è—Ç–Ω–æ",5.0
–ú–µ–¥–∏—Ü–∏–Ω—Å–∫–∏–π —Ü–µ–Ω—Ç—Ä –¥–æ–∫—Ç–æ—Ä–∞ –ë–æ–ª–¥—ã—Ä–µ–≤–∞,https://yandex.ru/maps/org/meditsinskiy_tsentr_doktora_boldyreva/112675622896/reviews,–°–ø–∞—Å–∏–±–æ –í–ª–∞–¥–∏–º–∏—Ä—É –ì–µ–Ω–Ω–∞–¥—å–µ–≤–∏—á—É –∏ –≤—Å–µ–º —Å–æ—Ç—Ä—É–¥–Ω–∏–∫–∞–º. –ü–æ—Å–µ—â–∞–µ–º —Ü–µ–Ω—Ç—Ä —É–∂–µ –Ω–µ—Å–∫–æ–ª—å–∫–æ –ª–µ—Ç. –ù–∞–º –Ω–∞–∑–Ω–∞—á–µ–Ω–∏—è –í–ª–∞–¥–∏–º–∏—Ä–∞ –ì–µ–Ω–Ω–∞–¥—å–µ–≤–∏—á–∞ –ø–æ–º–æ–≥–∞—é—Ç. –†–µ–±–µ–Ω–æ–∫ –º–µ–Ω—è–µ—Ç—Å—è –≤ –ª—É—á—à—É—é —Å—Ç–æ—Ä–æ–Ω—É.,5.0
–ú–µ–¥–∏—Ü–∏–Ω—Å–∫–∏–π —Ü–µ–Ω—Ç—Ä –¥–æ–∫—Ç–æ—Ä–∞ –ë–æ–ª–¥—ã—Ä–µ–≤–∞,https://yandex.ru/maps/org/meditsinskiy_tsentr_doktora_boldyreva/112675622896/reviews,"–î–æ–∫—Ç–æ—Ä –ë–æ–ª–¥—ã—Ä–µ–≤ - —É–Ω–∏–∫–∞–ª—å–Ω—ã–π, —Ç–∞–ª–∞–Ω—Ç–ª–∏–≤—ã–π —á–µ–ª–æ–≤–µ–∫. –Ø –±—ã —Å–∫–∞–∑–∞–ª –¥–∞–∂–µ —Ñ–µ–π. –ü–µ—á–∞–ª—å–Ω–æ, —á—Ç–æ –≤ —Ä–∞–π–æ–Ω–Ω—ã—Ö –ø–æ–ª–∏–∫–ª–∏–Ω–∏–∫–∞—Ö —Ç–∞–∫–∏—Ö —Å–ø–µ—Ü–∏–∞–ª–∏—Å—Ç–æ–≤ –Ω–µ—Ç. –î–ª—è –º–µ–Ω—è –Ω–∞—Å—Ç–æ—è—â–µ–µ –ë–æ–ª–¥—ã—Ä–µ–≤ - –æ—Ç–∫—Ä—ã—Ç–∏–µ, –∏ —Ä–∞–¥, —á—Ç–æ –º—ã –Ω–µ –æ–ø–æ–∑–¥–∞–ª–∏ —Å –¥–∏–∞–≥–Ω–æ—Å—Ç–∏–∫–æ–π –∏ –ª–µ—á–µ–Ω–∏–µ–º. –î—Ä—É–≥–∏–µ —É–∑–∏—Å—Ç—ã, –∞ –º—ã –∏—Ö –∑–∞ 10 –ª–µ—Ç –ø—Ä–æ—à–ª–∏ –∫—É—á—É, –∏ —Ä—è–¥–æ–º –Ω–µ —Å—Ç–æ—è–ª–∏ —Å –¥–∞–Ω–Ω—ã–º —Å–ø–µ—Ü–∏–∞–ª–∏—Å—Ç–æ–º. –ë–æ–ª–¥—ã—Ä–µ–≤—ã–º –±—ã–ª –ø–æ—Å—Ç–∞–≤–ª–µ–Ω –¥–∏–∞–≥–Ω–æ–∑, —á–µ–≥–æ –∫–∞—Ç–µ–≥–æ—Ä–∏—á–µ—Å–∫–∏ –Ω–µ –¥–µ–ª–∞–ª–∏ —É–∑–∏—Å—Ç—ã –∏–∑ —Ä–∞–π–æ–Ω–Ω–æ–π –ø–æ–ª–∏–∫–ª–∏–Ω–∏–∫–∏, –∫–∞–∫ –±—É–¥—Ç–æ –±–æ—è–ª–∏—Å—å —á–µ–≥–æ-—Ç–æ. ""–ò–¥–∏—Ç–µ –∫ –ø—Å–∏—Ö–∏–∞—Ç—Ä—É, –æ–Ω –ø–æ—Å—Ç–∞–≤–∏—Ç –¥–∏–∞–≥–Ω–æ–∑, —è –Ω–µ –º–æ–≥—É, —è —Ç–æ–ª—å–∫–æ –¥–∏–∞–≥–Ω–æ—Å—Ç–∏–∫—É –¥–µ–ª–∞—é"". –ú—ã –ø–æ—à–ª–∏, –Ω–µ –≤–æ–ø—Ä–æ—Å. –ù–æ –ø—Å–∏—Ö–∏–∞—Ç—Ä —É–∑–∏ –≥–æ–ª–æ–≤–Ω–æ–≥–æ –º–æ–∑–≥–∞ –Ω–µ –¥–µ–ª–∞–µ—Ç. –í –æ–±—â–µ–º, –∫–∞–∂–¥–æ–º—É —Å–≤–æ–π –¥–æ–∫—Ç–æ—Ä, –ø–∞—Ä–∏–∫–º–∞—Ö–µ—Ä –∏ –∞–¥–≤–æ–∫–∞—Ç. –µ—â—ë",5.0
–ú–µ–¥–∏—Ü–∏–Ω—Å–∫–∏–π —Ü–µ–Ω—Ç—Ä –¥–æ–∫—Ç–æ—Ä–∞ –ë–æ–ª–¥—ã—Ä–µ–≤–∞,https://yandex.ru/maps/org/meditsinskiy_tsentr_doktora_boldyreva/112675622896/reviews,"–£–Ω–∏–∫–∞–ª—å–Ω—ã–π —Ü–µ–Ω—Ç—Ä , —É–Ω–∏–∫–∞–ª—å–Ω–∞—è –º–µ—Ç–æ–¥–∏–∫–∞ . –ü–æ–∫–∞ –Ω–µ –≤–∏–∂—É –∞–ª—å—Ç–µ—Ä–Ω–∞—Ç–∏–≤–Ω—ã—Ö –ø–æ –ª–µ—á–µ–Ω–∏—é –¥–µ—Ç–µ–π —Å –û–í–ó.",5.0
–ú–µ–¥–∏—Ü–∏–Ω—Å–∫–∏–π —Ü–µ–Ω—Ç—Ä –¥–æ–∫—Ç–æ—Ä–∞ –ë–æ–ª–¥—ã—Ä–µ–≤–∞,https://yandex.ru/maps/org/meditsinskiy_tsentr_doktora_boldyreva/112675622896/reviews,"–ü–æ—Å–µ—â–∞–µ–º –º–µ–¥–∏—Ü–∏–Ω—Å–∫–∏–π —Ü–µ–Ω—Ç—Ä —Å —Å–∞–º–æ–≥–æ –æ—Ç–∫—Ä—ã—Ç–∏—è. –•–æ—á–µ—Ç—Å—è –≤—ã—Ä–∞–∑–∏—Ç—å –æ–≥—Ä–æ–º–Ω—É—é –±–ª–∞–≥–æ–¥–∞—Ä–Ω–æ—Å—Ç—å –≤—Å–µ–º—É –ø–µ—Ä—Å–æ–Ω–∞–ª—É –º–µ–¥. —Ü–µ–Ω—Ç—Ä–∞ –∑–∞ –≤—ã—Å–æ–∫–∏–π —É—Ä–æ–≤–µ–Ω—å —Å–µ—Ä–≤–∏—Å–∞, –ø—Ä–æ—Ñ–µ—Å—Å–∏–æ–Ω–∞–ª–∏–∑–º, –≤–Ω–∏–º–∞—Ç–µ–ª—å–Ω–æ–µ –æ—Ç–Ω–æ—à–µ–Ω–∏–µ –Ω–µ —Ç–æ–ª—å–∫–æ –∫ –º–∞–ª–µ–Ω—å–∫–∏–º –ø–∞—Ü–∏–µ–Ω—Ç–∞–º, –Ω–æ –∏ –∫ –∏—Ö —Ä–æ–¥–∏—Ç–µ–ª—è–º. –°–ø–∞—Å–∏–±–æ. –ù–∏–∑–∫–∏–π –í–∞–º –ø–æ–∫–ª–æ–Ω –∑–∞ –í–∞—à —Ç—Ä—É–¥ –∏ –æ—Ç–Ω–æ—à–µ–Ω–∏–µ –∫ –ª—é–¥—è–º! –í–ª–∞–¥–∏–º–∏—Ä –ì–µ–Ω–Ω–∞–¥–∏–µ–≤–∏—á –∑–∞–º–µ—á–∞—Ç–µ–ª—å–Ω—ã–π –¥–æ–∫—Ç–æ—Ä. –°–ø–∞—Å–∏–±–æ –≤—Å–µ–º. –µ—â—ë",5.0
–ú–µ–¥–∏—Ü–∏–Ω—Å–∫–∏–π —Ü–µ–Ω—Ç—Ä –¥–æ–∫—Ç–æ—Ä–∞ –ë–æ–ª–¥—ã—Ä–µ–≤–∞,https://yandex.ru/maps/org/meditsinskiy_tsentr_doktora_boldyreva/112675622896/reviews,"–¢–æ–∂–µ –∑–∞—Ö–æ—Ç–µ–ª–æ—Å—å –æ—Å—Ç–∞–≤–∏—Ç—å –æ—Ç–∑—ã–≤, –Ω–∞–±–ª—é–¥–∞–µ–º—Å—è —É –í–ª–∞–¥–∏–º–∏—Ä–∞ –ì–µ–Ω–Ω–∞–¥—å–µ–≤–∏—á–∞ —É–∂–µ 2 –≥–æ–¥–∞, —Ä–µ–≥—É–ª—è—Ä–Ω–æ –≤–∏–¥–∏–º –ø—Ä–æ–≥—Ä–µ—Å—Å –≤ —Ä–∞–∑–≤–∏—Ç–∏–∏, –Ω–æ—Ä–º–∞–ª–∏–∑–æ–≤–∞–ª—Å—è —Å–æ–Ω, –ø–æ—è–≤–∏–ª–æ—Å—å –ø–æ–¥—Ä–∞–∂–∞–Ω–∏–µ, —É–ª—É—á—à–∏–ª–æ—Å—å –ø–æ–Ω–∏–º–∞–Ω–∏–µ –æ–±—Ä–∞—â–µ–Ω–Ω–æ–π —Ä–µ—á–∏ (—Ä–∞–∑—É–º–µ–µ—Ç—Å—è –≤ –∫–æ–º–ø–ª–µ–∫—Å–µ —Å –∑–∞–Ω—è—Ç–∏—è–º–∏) –∏ –µ—â–µ –º–Ω–æ–≥–æ –≤—Å–µ–≥–æ, –≤—Ä–∞—á –æ—Ç –ë–æ–≥–∞ ü´∂üèª –∫–∞–∂–¥—ã–π —Ä–∞–∑ —Å –Ω–µ—Ç–µ—Ä–ø–µ–Ω–∏–µ–º –∂–¥—É –ø—Ä–∏–µ–º–∞ üå∏",5.0
–ú–µ–¥–∏—Ü–∏–Ω—Å–∫–∏–π —Ü–µ–Ω—Ç—Ä –¥–æ–∫—Ç–æ—Ä–∞ –ë–æ–ª–¥—ã—Ä–µ–≤–∞,https://yandex.ru/maps/org/meditsinskiy_tsentr_doktora_boldyreva/112675622896/reviews,"–í —Ü–µ–Ω—Ç—Ä –ø–æ–ø–∞–ª–∏ –ø–æ —Å–æ–≤–µ—Ç—É, —Ç–∫ —Ç–∞–∫–∏—Ö —Ü–µ–Ω—Ç—Ä–æ–≤ –∏ —Å–ø–µ—Ü–∏–∞–ª–∏—Å—Ç–æ–≤ –≤ –ú–æ—Å–∫–≤–µ –º–∞–ª–æ. –ö–ª–∏–µ–Ω—Ç–æ–æ—Ä–∏–µ–Ω—Ç–∏—Ä–æ–≤–∞–Ω—ã, —Å–ø–µ—Ü–∏–∞–ª–∏—Å—Ç—ã –≤—ã—Å–æ–∫–æ–≥–æ —É—Ä–æ–≤–Ω—è",5.0
–ú–µ–¥–∏—Ü–∏–Ω—Å–∫–∏–π —Ü–µ–Ω—Ç—Ä –¥–æ–∫—Ç–æ—Ä–∞ –ë–æ–ª–¥—ã—Ä–µ–≤–∞,https://yandex.ru/maps/org/meditsinskiy_tsentr_doktora_boldyreva/112675622896/reviews,–û—á–µ–Ω—å —Ö–æ—Ä–æ—à–∏–π –¥–æ–∫—Ç–æ—Ä,5.0
–ú–µ–¥–∏—Ü–∏–Ω—Å–∫–∏–π —Ü–µ–Ω—Ç—Ä –¥–æ–∫—Ç–æ—Ä–∞ –ë–æ–ª–¥—ã—Ä–µ–≤–∞,https://yandex.ru/maps/org/meditsinskiy_tsentr_doktora_boldyreva/112675622896/reviews,–•–æ—Ä–æ—à–∞—è –∫–ª–∏–Ω–∏–∫–∞!,5.0
–ú–µ–¥–∏—Ü–∏–Ω—Å–∫–∏–π —Ü–µ–Ω—Ç—Ä –¥–æ–∫—Ç–æ—Ä–∞ –ë–æ–ª–¥—ã—Ä–µ–≤–∞,https://yandex.ru/maps/org/meditsinskiy_tsentr_doktora_boldyreva/112675622896/reviews,"–ü—Ä–∏ –≤–æ–∑–Ω–∏–∫–Ω–æ–≤–µ–Ω–∏—è –ø—Ä–æ–±–ª–µ–º—ã, –≤—Ä–∞—á —É–¥–µ–ª–µ–Ω–æ –Ω–µ –ø–æ–º–æ–≥. –•–æ—Ç—è –æ–±–µ—â–∞–ª–∏ –¥–∏—Å—Ç–∞–Ω—Ü–∏–ª–Ω—É—é –ø–æ–¥–¥–µ—Ä–∂–∫—É",1.0
–ú–µ–¥–∏—Ü–∏–Ω—Å–∫–∏–π —Ü–µ–Ω—Ç—Ä –¥–æ–∫—Ç–æ—Ä–∞ –ë–æ–ª–¥—ã—Ä–µ–≤–∞,https://yandex.ru/maps/org/meditsinskiy_tsentr_doktora_boldyreva/112675622896/reviews,"–õ–µ—á–∏–º —Å—ã–Ω–æ—á–∫–∞ —É —ç—Ç–æ–≥–æ –¥–æ–∫—Ç–æ—Ä–∞! –ü—Ä–æ–≥—Ä–µ—Å—Å –Ω–∞–ª–∏—Ü–æ. –°–∞–º –¥–æ–∫—Ç–æ—Ä, –∫–∞–∫ –µ–≥–æ –ø–µ—Ä—Å–æ–Ω–∞–ª, –≤—Å–µ–≥–¥–∞ –≤–µ–∂–ª–∏–≤—ã –∏ —É—á—Ç–∏–≤—ã. –ê—Ç–º–æ—Å—Ñ–µ—Ä–∞ –ø—Ä–∏—è—Ç–Ω–∞—è. –î–∞ –∏ –∑–Ω–∞—é—â–∏–µ –¥–æ–∫—Ç–æ—Ä–∞ —Å–ø–µ—Ü–∏–∞–ª–∏—Å—Ç—ã –æ—Ç–∑—ã–≤–∞—é—Ç—Å—è –æ –Ω–µ–º –∫–∞–∫ –æ –ø—Ä–µ–∫—Ä–∞—Å–Ω–æ–º —Å–ø–µ—Ü–∏–∞–ª–∏—Å—Ç–µ!",5.0
–ú–µ–¥–∏—Ü–∏–Ω—Å–∫–∏–π —Ü–µ–Ω—Ç—Ä –¥–æ–∫—Ç–æ—Ä–∞ –ë–æ–ª–¥—ã—Ä–µ–≤–∞,https://yandex.ru/maps/org/meditsinskiy_tsentr_doktora_boldyreva/112675622896/reviews,"–ë—ã–ª–∏ —É –í–∞–ª–µ–Ω—Ç–∏–Ω–∞ –ü–∞–≤–ª–æ–≤–∏—á–∞! –°—É–ø–µ—Ä –¥–æ–∫—Ç–æ—Ä! –û—á–µ–Ω—å –∫–æ–º–ø–µ—Ç–µ–Ω—Ç–Ω—ã–π –≤—Ä–∞—á. –ï—Å–ª–∏ –í—ã –∏—â–µ—Ç–µ —Ö–æ—Ä–æ—à–µ–≥–æ –Ω–µ–≤—Ä–æ–ª–æ–≥–∞,—Ç–æ –í–∞–º –ø—Ä—è–º–∞—è –¥–æ—Ä–æ–≥–∞ –≤ –ú–¶ –¥–æ–∫—Ç–æ—Ä–∞ –ë–æ–ª–¥—ã—Ä–µ–≤–∞. –í—Å—ë —Ä–∞—Å—Å–∫–∞–∂—É—Ç,—Ä–∞–∑—ä—è—Å–Ω—è—Ç,–Ω–∞–∑–Ω–∞—á–∞—Ç –Ω—É–∂–Ω–æ–µ –ª–µ—á–µ–Ω–∏–µ. –í—Å–µ –ø–æ –ø–æ–ª–æ—á–∫–∞–º —Ä–∞–∑–ª–æ–∂–∞—Ç,–Ω–∏–∫–∞–∫–æ–π –ª–∏—à–Ω–µ–π –≤–æ–¥—ã!",5.0
–ú–µ–¥–∏—Ü–∏–Ω—Å–∫–∏–π —Ü–µ–Ω—Ç—Ä –¥–æ–∫—Ç–æ—Ä–∞ –ë–æ–ª–¥—ã—Ä–µ–≤–∞,https://yandex.ru/maps/org/meditsinskiy_tsentr_doktora_boldyreva/112675622896/reviews,"–ù–∞—Å –≤–µ–¥—ë—Ç —Å–ø–µ—Ü–∏–∞–ª–∏—Å—Ç –°—Ç—É–ø–∞–∫ –í–∞–ª–µ–Ω—Ç–∏–Ω –ü–∞–≤–ª–æ–≤–∏—á, –ª–µ—á–µ–Ω–∏–µ –ø–æ—Ç–∏—Ö–æ–Ω—å–∫—É –¥–∞–µ—Ç —Å–≤–æ–∏ –ø–ª–æ–¥—ã, –º–µ–¥–ª–µ–Ω–Ω–æ, –Ω–æ –≤–µ—Ä–Ω–æ –ø—ã—Ç–∞–µ–º—Å—è –≤—ã–≤–µ—Å—Ç–∏ —Ä–µ–±–µ–Ω–∫–∞ –¥–æ —É—Ä–æ–≤–Ω—è. –í—Å–µ–≥–¥–∞ –≤–µ–∂–ª–∏–≤—ã–π –ø–µ—Ä—Å–æ–Ω–∞–ª, —á–∏—Å—Ç—ã–µ –∫–∞–±–∏–Ω–µ—Ç—ã.",5.0
–ú–µ–¥–∏—Ü–∏–Ω—Å–∫–∏–π —Ü–µ–Ω—Ç—Ä –¥–æ–∫—Ç–æ—Ä–∞ –ë–æ–ª–¥—ã—Ä–µ–≤–∞,https://yandex.ru/maps/org/meditsinskiy_tsentr_doktora_boldyreva/112675622896/reviews,"–í–µ–ª–∏–∫–æ–ª–µ–ø–Ω—ã–π –¥–æ–∫—Ç–æ—Ä!! –í–ª–∞–¥–∏–º–∏—Ä –ì–µ–Ω–Ω–∞–¥—å–µ–≤–∏—á –≤—Å—ë –æ–±—ä—è—Å–Ω—è–µ—Ç –≤–Ω—è—Ç–Ω–æ –∏ –µ—Å–ª–∏ —á—Ç–æ-—Ç–æ –Ω–µ –ø–æ–Ω—è—Ç–Ω–æ, –≤—Å–µ–≥–¥–∞ —Ä–∞–∑–ª–æ–∂–∏—Ç ¬´–ø–æ –ø–æ–ª–æ—á–∫–∞–º¬ª. –ü–µ—Ä–≤—ã–π —Ä–∞–∑ –ø–æ–ø–∞–ª–∏ –Ω–∞ –ø—Ä–∏–µ–º –≤ —è–Ω–≤–∞—Ä–µ 2021, –Ω–∞ –ø–æ–≤—Ç–æ—Ä–Ω–æ–º –ø—Ä–∏–µ–º–µ, —É–∂–µ –ø–æ –æ–±—Å–ª–µ–¥–æ–≤–∞–Ω–∏—è–º –±—ã–ª–∏ –≤–∏–¥–Ω—ã —Ö–æ—Ä–æ—à–∏–µ –∏–∑–º–µ–Ω–µ–Ω–∏—è –∏ —è —Å–∞–º–∞ –∏—Ö –∑–∞–º–µ—Ç–∏–ª–∞ –ø–æ —Ä–µ–±–µ–Ω–∫—É. –¢–∞–∫ –∂–µ –≤ –∫–ª–∏–Ω–∏–∫–µ –µ—Å—Ç—å –ø—Ä–æ—Ü–µ–¥—É—Ä—ã –∫–∏—Å–ª–æ—Ä–æ–¥–æ—Ç–µ—Ä–∞–ø–∏–∏ (–ì–ë–û), –º—ã —Å–µ–π—á–∞—Å –ø—Ä–æ—Ö–æ–¥–∏–º —ç—Ç—É —Ç–µ—Ä–∞–ø–∏—é. –ò–∑–º–µ–Ω–µ–Ω–∏—è —á—É–≤—Å—Ç–≤—É—é –¥–∞–∂–µ —è –Ω–∞ —Å–µ–±–µ ( —Ç–∞–∫ –∫–∞–∫ —Å —Ä–µ–±–µ–Ω–∫–æ–º —è –Ω–∞—Ö–æ–∂—É—Å—å –≤–º–µ—Å—Ç–µ –≤ —ç—Ç–æ–π –±–∞—Ä–æ–∫–∞–º–µ—Ä–µ). –¶–µ–Ω–∞ –ø—Ä–∏–µ–º–∞ - —Å—Ç–æ–∏—Ç —Å–≤–æ–µ–≥–æ —Ä–µ–∑—É–ª—å—Ç–∞—Ç–∞! –µ—â—ë",5.0
–ú–µ–¥–∏—Ü–∏–Ω—Å–∫–∏–π —Ü–µ–Ω—Ç—Ä –¥–æ–∫—Ç–æ—Ä–∞ –ë–æ–ª–¥—ã—Ä–µ–≤–∞,https://yandex.ru/maps/org/meditsinskiy_tsentr_doktora_boldyreva/112675622896/reviews,"–û—á–µ–Ω—å —Ö–æ—Ä–æ—à–∏–π –º–µ–¥ —Ü–µ–Ω—Ç—Ä, —Å—Ä–∞–∑—É –¥–µ–ª–∞—é—Ç –Ω—É–∂–Ω—ã–µ –æ–±—Å–ª–µ–¥–æ–≤–∞–Ω–∏—è , –≥—Ä–∞–º–æ—Ç–Ω—ã–µ –≤—Ä–∞—á–∏ . –ë—ã–ª–∏ —É –°—Ç—É–ø–∞–∫.",5.0
–ú–µ–¥–∏—Ü–∏–Ω—Å–∫–∏–π —Ü–µ–Ω—Ç—Ä –¥–æ–∫—Ç–æ—Ä–∞ –ë–æ–ª–¥—ã—Ä–µ–≤–∞,https://yandex.ru/maps/org/meditsinskiy_tsentr_doktora_boldyreva/112675622896/reviews,"–í–ª–∞–¥–∏–º–∏—Ä –ì–µ–Ω–Ω–∞–¥—å–µ–≤–∏—á –≤–Ω–∏–º–∞—Ç–µ–ª—å–Ω—ã–π, –æ–ø—ã—Ç–Ω—ã–π –≤—Ä–∞—á, –≤—Å–µ–≥–¥–∞ –Ω–∞–∑–Ω–∞—á–∞–µ—Ç –≥—Ä–∞–º–æ—Ç–Ω—ã–π –ø–ª–∞–Ω —Ä–µ–∞–±–∏–ª–∏—Ç–∞—Ü–∏–∏. –î–∞–∂–µ –ø—Å–∏—Ö–∏–∞—Ç—Ä –≤–∏–¥—è —Ö–æ—Ä–æ—à—É—é –¥–∏–Ω–∞–º–∏–∫—É —É —Ä–µ–±—ë–Ω–∫–∞ –∏–Ω—Ç–µ—Ä–µ—Å—É–µ—Ç—Å—è –º–Ω–µ–Ω–∏–µ–º –≤—Ä–∞—á–∞-–Ω–µ–≤—Ä–æ–ª–æ–≥–∞ –∏ –Ω–µ –Ω–∞–∑–Ω–∞—á–∞–µ—Ç –¥—Ä—É–≥–æ–µ –ª–µ—á–µ–Ω–∏–µ. –ü–æ—Å–ª–µ –∫—É—Ä—Å–∞ –∫–∏—Å–ª–æ—Ä–æ–¥–æ—Ç–µ—Ä–∞–ø–∏–∏ –ø—Ä–æ—à–ª–æ –ø–∞—Ä—É –¥–Ω–µ–π, –∞ –º–æ–π —Ä–µ–±—ë–Ω–æ–∫ —É–∂–µ —Å–ø—Ä–∞—à–∏–≤–∞–µ—Ç –∫–æ–≥–¥–∞ –ø–æ–µ–¥–µ–º –≤ –ú–¶ –Ω–∞ –ª–µ—á–µ–Ω–∏–µ. –î–µ—Ç—è–º –æ—á–µ–Ω—å –Ω—Ä–∞–≤–∏—Ç—Å—è –¥–æ–∫—Ç–æ—Ä –ë–æ–ª–¥—ã—Ä–µ–≤, –æ–Ω –≤—Å–µ–≥–¥–∞ —Å–ø–æ–∫–æ–π–Ω—ã–π, –¥–æ–±—Ä–æ–∂–µ–ª–∞—Ç–µ–ª—å–Ω—ã–π. –í –º–µ–¥–∏—Ü–∏–Ω—Å–∫–æ–º —Ü–µ–Ω—Ç—Ä–µ –≤—Å–µ–≥–¥–∞ –ø—Ä–∏—è—Ç–Ω–∞—è, —Å–ø–æ–∫–æ–π–Ω–∞—è –∞—Ç–º–æ—Å—Ñ–µ—Ä–∞. –°–ø–∞—Å–∏–±–æ –≤—Å–µ–π –∫–æ–º–∞–Ω–¥–µ –ú–¶ –î–æ–∫—Ç–æ—Ä–∞ –ë–æ–ª–¥—ã—Ä–µ–≤–∞. –µ—â—ë",5.0
–ú–µ–¥–∏—Ü–∏–Ω—Å–∫–∏–π —Ü–µ–Ω—Ç—Ä –¥–æ–∫—Ç–æ—Ä–∞ –ë–æ–ª–¥—ã—Ä–µ–≤–∞,https://yandex.ru/maps/org/meditsinskiy_tsentr_doktora_boldyreva/112675622896/reviews,"–û—Ç–ª–∏—á–Ω—ã–π –ø–µ—Ä—Å–æ–Ω–∞–ª. –î–æ–∫—Ç–æ—Ä –∫ —Å–µ–±–µ —Ä–∞—Å–ø–æ–ª–∞–≥–∞–µ—Ç, –Ω–∞–±–ª—é–¥–∞–µ–º—Å—è 1,5 –≥–æ–¥–∞. –û—á–µ–Ω—å –ø–æ–º–æ–≥. –ü—Ä–∏—à–ª–∏ –∫ –Ω–µ–º—É —Å —Ç–µ–º, —á—Ç–æ —Ä–µ–±—ë–Ω–æ–∫ –Ω–µ –≥–æ–≤–æ—Ä–∏–ª. –°–µ–π—á–∞—Å –±–æ–ª—Ç–∞–µ—Ç –Ω–µ –æ—Å—Ç–∞–Ω–æ–≤–∏—à—å.",5.0
–ú–µ–¥–∏—Ü–∏–Ω—Å–∫–∏–π —Ü–µ–Ω—Ç—Ä –¥–æ–∫—Ç–æ—Ä–∞ –ë–æ–ª–¥—ã—Ä–µ–≤–∞,https://yandex.ru/maps/org/meditsinskiy_tsentr_doktora_boldyreva/112675622896/reviews,"–ë—ã–ª–∞ –Ω–∞ –ø—Ä–∏–µ–º–µ —É —ç—Ç–æ–≥–æ ¬´ –∑–∞–º–µ—á–∞—Ç–µ–ª—å–Ω–æ–≥–æ¬ª –≤—Ä–∞—á–∞ —Å —Ä–µ–±—ë–Ω–∫–æ–º. –†–µ–±—ë–Ω–∫—É –Ω–µ –∑–∞–¥–∞–ª –Ω–µ –æ–¥–Ω–æ–≥–æ –≤–æ–ø—Ä–æ—Å–∞. –î–µ–ª–∞—è —É–∑–∏ –±–æ—Ä–º–æ—Ç–∞–ª —Å–µ–±–µ –ø–æ–¥ –Ω–æ—Å , –Ω–∏—á–µ–≥–æ –Ω–µ —Å–ª—ã—à–Ω–æ –∏ –Ω–µ –ø–æ–Ω—è—Ç–Ω–æ –±—ã–ª–æ —á—Ç–æ –æ–Ω –≤–æ–æ–±—â–µ –≥–æ–≤–æ—Ä–∏—Ç. –°–ø—Ä–æ—Å–∏–ª –∫–∞–∫–∏–µ –ª–µ–∫–∞—Ä—Å—Ç–≤–∞ –ø–∏–ª–∏ –∏ –ø–æ—Å–ª–µ –º–æ–µ–≥–æ –æ—Ç–≤–µ—Ç–∞ —Å–∫–∞–∑–∞–ª –≤—ã —É–∂–µ –≤—Å–µ –ª–µ–∫–∞—Ä—Å—Ç–≤–∞ –ø—Ä–æ–ø–∏–ª–∏ –∫–æ—Ç–æ—Ä—ã–µ —è –±—ã –í–∞–º –º–æ–≥ –≤—ã–ø–∏—Å–∞—Ç—å –∑–∞—á–µ–º —Ç–æ–ª—å–∫–æ –ø—Ä–∏—à–ª–∏ –∫–æ –º–Ω–µ . –ù–æ —ç—Ç–æ –µ—â—ë —Ü–≤–µ—Ç–æ—á–∫–∏. –ü–æ—Å–ª–µ —Ç–æ–≥–æ –∫–∞–∫ –æ–Ω —Ä–∞—Å–ø–∏—Å–∞–ª –ª–µ—á–µ–Ω–∏–µ —è —Å–ø—Ä–æ—Å–∏–ª–∞ –º–æ–∂–µ–º –ª–∏ –º—ã –¥–æ–ø—Ä–∏–Ω–∏–º–∞—Ç—å –ª–µ–∫–∞—Ä—Å—Ç–≤–∞ –∫–æ—Ç–æ—Ä—ã–π –Ω–∞–º –≤—ã–ø–∏—Å–∞–ª –¥—Ä—É–≥–æ–π –≤—Ä–∞—á? –ü–æ—Ç–æ–º—É —á—Ç–æ –æ–Ω–æ —É–∂–µ –∫—É–ø–ª–µ–Ω–æ –∏ –æ—Ç–∫—Ä—ã—Ç–æ. –û–Ω –≤–∑–±–µ—Å–∏–ª—Å—è, –Ω–∞ –ø–æ–≤—ã—à–µ–Ω–Ω–æ–º —Ç–æ–Ω–µ —Å–∫–∞–∑–∞–ª —á—Ç–æ –≤—ã –ª–∏–±–æ –ª–µ—á–∏—Ç–µ—Å—å —É –º–µ–Ω—è –ª–∏–±–æ –∏–¥—ë—Ç–µ –∫ –¥—Ä—É–≥–æ–º—É –≤—Ä–∞—á—É. –°–∫–∞–∑–∞–ª —á—Ç–æ –∑–∞ –∫–ª–∏–µ–Ω—Ç–æ–≤ –æ–Ω –Ω–µ –¥–µ—Ä–∂–∏—Ç—Å—è –∏ –µ—Å–ª–∏ –º—ã –Ω–µ –±—É–¥–µ–º —É –Ω–µ–≥–æ –Ω–∞–±–ª—é–¥–∞—Ç—å—Å—è –æ–Ω –Ω–µ –æ—á–µ–Ω—å —Ä–∞—Å—Å—Ç—Ä–æ–∏—Ç—Å—è. –°–∫–∞–∑–∞–ª —á—Ç–æ —É –Ω–µ–≥–æ –º–Ω–æ–≥–æ –∫–ª–∏–µ–Ω—Ç–æ–≤ ( –ø–æ–∫–∞–∑—ã–≤–∞—è –Ω–∞ –∫–∞—Ä—Ç—ã –ø–∞—Ü–∏–µ–Ω—Ç–æ–≤) –∏ –Ω–µ —Å–º–æ—Ç—Ä—è –Ω–∞ –≤—ã—Å–æ–∫—É—é —Ü–µ–Ω—É –∑–∞ –µ–≥–æ –ø—Ä–∏—ë–º –∫ –Ω–µ–º—É –∏–¥—É—Ç –ª—é–¥–∏. –°–∫–∞–∑–∞–ª —á—Ç–æ –Ω–∞–º —Ä–µ—à–∞—Ç—å –±—É–¥–µ—Ç –ª–∏ —É –Ω–∞—Å –Ω–æ—Ä–º–∞–ª—å–Ω—ã–π —Ä–µ–±—ë–Ω–æ–∫ –∏–ª–∏ —É–π–¥—ë—Ç –≤ –ø—Å–∏—Ö–∏–∞—Ç—Ä–∏—é. –¢–∞–∫–æ–≥–æ —Ö–∞–º—Å–∫–æ–≥–æ –æ—Ç–Ω–æ—à–µ–Ω–∏—è –∑–∞ 6500 —è –Ω–µ –≤—Å—Ç—Ä–µ—á–∞–ª–∞. –ñ–∞–ª–∫–æ –≤—Ä–µ–º–µ–Ω–∏, –∏ –¥–µ–Ω–µ–≥. –ò –≤ –∏—Ç–æ–≥–µ –¥–∞–∂–µ –Ω–∏—á–µ–≥–æ –Ω–µ –ø–æ–Ω—è–ª–∞ —á—Ç–æ –æ–Ω —Ç–∞–º —É–≤–∏–¥–µ–ª –ø–æ —É–∑–∏. –ù–µ –æ–±—ä—è—Å–Ω–∏–ª —á—Ç–æ –∑–∞ –ª–µ–∫–∞—Ä—Å—Ç–≤–∞ –∏ –¥–ª—è —á–µ–≥–æ –æ–Ω–∏ –Ω—É–∂–Ω—ã. –î–∞–∂–µ —Å–ø—Ä–∞—à–∏–≤–∞—Ç—å –Ω–µ —Å—Ç–∞–ª–∞ –Ω–∏—á–µ–≥–æ –ø–æ—Å–ª–µ –µ–≥–æ —Ö–∞–º—Å–∫–æ–≥–æ –æ—Ç–Ω–æ—à–µ–Ω–∏—è. –µ—â—ë",1.0
–ú–µ–¥–∏—Ü–∏–Ω—Å–∫–∏–π —Ü–µ–Ω—Ç—Ä –¥–æ–∫—Ç–æ—Ä–∞ –ë–æ–ª–¥—ã—Ä–µ–≤–∞,https://yandex.ru/maps/org/meditsinskiy_tsentr_doktora_boldyreva/112675622896/reviews,"–û—á–µ–Ω—å –ø–æ–Ω—Ä–∞–≤–∏–ª–æ—Å—å. –í–∞–ª–µ–Ω—Ç–∏–Ω –ü–∞–≤–ª–æ–≤–∏—á –æ–ø—ã—Ç–Ω—ã–π –≤—Ä–∞—á, –Ω–∞–¥–µ–µ–º—Å—è –Ω–∞ –¥–∞–ª—å–Ω–µ–π—à–µ–µ —Å–æ—Ç—Ä—É–¥–Ω–∏—á–µ—Å—Ç–≤–æ –∏ –≤—ã–∑–¥–æ—Ä–æ–≤–ª–µ–Ω–∏–µ –≤–Ω—É—á–∫–∏.",5.0
–ú–µ–¥–∏—Ü–∏–Ω—Å–∫–∏–π —Ü–µ–Ω—Ç—Ä –¥–æ–∫—Ç–æ—Ä–∞ –ë–æ–ª–¥—ã—Ä–µ–≤–∞,https://yandex.ru/maps/org/meditsinskiy_tsentr_doktora_boldyreva/112675622896/reviews,"–í–Ω—É—à–∞–µ—Ç –¥–æ–≤–µ—Ä–∏–µ. –ü–æ—Å–º–æ—Ç—Ä–∏–º, —á—Ç–æ –±—É–¥–µ—Ç –¥–∞–ª—å—à–µ.",5.0
–ú–µ–¥–∏—Ü–∏–Ω—Å–∫–∏–π —Ü–µ–Ω—Ç—Ä –¥–æ–∫—Ç–æ—Ä–∞ –ë–æ–ª–¥—ã—Ä–µ–≤–∞,https://yandex.ru/maps/org/meditsinskiy_tsentr_doktora_boldyreva/112675622896/reviews,"–í –¥–∞–Ω–Ω–æ–º —Ü–µ–Ω—Ç—Ä–µ –Ω–∞—Ö–æ–¥–∏–º—Å—è –ø–æ–¥ –Ω–∞–±–ª—é–¥–µ–Ω–∏–µ–º, —Ç–µ—Ä–∞–ø–∏—è –æ—á–µ–Ω—å –ø–æ–º–æ–≥–∞–µ—Ç, –±–æ–ª—å—à–æ–µ –∏–º —Å–ø–∞—Å–∏–±–æ!",5.0
–ú–µ–¥–∏—Ü–∏–Ω—Å–∫–∏–π —Ü–µ–Ω—Ç—Ä –¥–æ–∫—Ç–æ—Ä–∞ –ë–æ–ª–¥—ã—Ä–µ–≤–∞,https://yandex.ru/maps/org/meditsinskiy_tsentr_doktora_boldyreva/112675622896/reviews,–û—Ç–ª–∏—á–Ω—ã–π —Å–ø–µ—Ü–∏–∞–ª–∏—Å—Ç —Å—Ç—É–ø–∞–∫ –í–∞–ª–µ–Ω—Ç–∏–Ω –ü–∞–≤–ª–æ–≤–∏—á.,5.0
–ú–µ–¥–∏—Ü–∏–Ω—Å–∫–∏–π —Ü–µ–Ω—Ç—Ä –¥–æ–∫—Ç–æ—Ä–∞ –ë–æ–ª–¥—ã—Ä–µ–≤–∞,https://yandex.ru/maps/org/meditsinskiy_tsentr_doktora_boldyreva/112675622896/reviews,"–ü—Ä–æ –ª–µ—á–µ–Ω–∏–µ –ø–æ–∫–∞ —Å–∫–∞–∑–∞—Ç—å –Ω–∏—á–µ–≥–æ –Ω–µ –º–æ–≥—É, —ç—Ç–æ –ø–æ–∫–∞ –æ—Ü–µ–Ω–∫–∏ –∑–∞ —Ñ–∏–Ω–∞–Ω—Å–æ–≤—ã–µ ""—Å—Ö–µ–º–∫–∏"" —ç—Ç–æ–≥–æ –∑–∞–≤–µ–¥–µ–Ω–∏—è. –ù–∞–∑–Ω–∞—á–∏–ª–∏ –∫—É—Ä—Å –∏–∑ 10 —Å–µ–∞–Ω—Å–æ–≤. –ó–∞ –∫–∞–∂–¥—ã–π –ø–ª–∞—Ç–∏—Ç—å –Ω–µ–ª—å–∑—è –∫–∞–∫ –≤–æ –≤—Å–µ—Ö –Ω–æ—Ä–º–∞–ª—å–Ω—ã—Ö –∫–ª–∏–Ω–∏–∫–∞—Ö. –•–æ—Ç—è—Ç —Å—Ä–∞–∑—É –≤—Å–µ —Ö–∞–ø–Ω—É—Ç—å –∏ –Ω–µ –≤–æ–∑–≤—Ä–∞—â–∞—Ç—å! –¢–∞–∫ –ø—Ä–∏ –ø–æ–ø—ã—Ç–∫–∞—Ö –∑–∞–¥–∞—Ç—å –≤–æ–ø—Ä–æ—Å—ã –Ω–∞ —Ç–µ–º—É: –∞ —á—Ç–æ –µ—Å–ª–∏ —è –≤–æ–æ–±—â–µ –∑–∞—Ö–æ—á—É –æ—Ç–º–µ–Ω–∏—Ç—å?... –ù–∞—á–∏–Ω–∞–µ—Ç—Å—è –≤—Å—è–∫–æ–µ –≤—ã–≤–µ—Ä—Ç—ã–≤–∞–Ω–∏–µ: –¥–∞ –º—ã –ø–æ–¥ –≤–∞—Å –∑–∞–±—Ä–æ–Ω–∏—Ä–æ–≤–∞–ª–∏, ....–∫–∞–∫ –±—É–¥—Ç–æ –≤ –¥—Ä—É–≥–∏—Ö –∫–ª–∏–Ω–∏–∫–∞—Ö —Ç–∞–∫ –Ω–µ –¥–µ–ª–∞—é—Ç. –ó–∞—Ç–µ–º –≤–æ–æ–±—â–µ –¥–æ–≥–æ–≤–æ—Ä–∏–ª–∏—Å—å, —á—Ç–æ –≤ —Ç–∞–∫–æ–º —Å–ª—É—á–∞–µ –≤–æ–∑–≤—Ä–∞—â–∞—é—Ç —á–∞—Å—Ç—å, —Ç.–∫. –ø–µ—Ä–≤—ã–π —Å–µ–∞–Ω—Å –≤–æ–ª—à–µ–±–Ω—ã–º –æ–±—Ä–∞–∑–æ–º —Å—Ç–∞–Ω–æ–≤–∏—Ç—Å—è –≤ 2 —Ä–∞–∑–∞ –¥–æ—Ä–æ–∂–µ! –í –æ–±—â–µ–º –ø–æ–≤–æ–¥ –¥–ª—è –Ω–∞–ª–æ–≥–æ–≤–æ–π –ø–æ–∏–Ω—Ç–µ—Ä–µ—Å–æ–≤–∞—Ç—å—Å—è –±—É—Ö–≥–∞–ª—Ç–µ—Ä–∏–µ–π. –ê –æ—Å—Ç–∞–ª—å–Ω—ã–º –ø–æ–≤–æ–¥ –∑–∞–¥—É–º–∞—Ç—å—Å—è –º–æ–≥—É—Ç –ª–∏ –ª—é–¥–∏, –∫–æ—Ç–æ—Ä—ã–µ –¥–∞–≤–∞–ª–∏ –∫–ª—è—Ç–≤—É –ì–∏–ø–ø–æ–∫—Ä–∞—Ç–∞, –±—ã—Ç—å —Ç–∞–∫ —Ñ–∏–Ω–∞–Ω—Å–æ–≤–æ –Ω–µ—á–µ—Å—Ç–Ω—ã! –µ—â—ë",2.0
–ú–µ–¥–∏—Ü–∏–Ω—Å–∫–∏–π —Ü–µ–Ω—Ç—Ä –¥–æ–∫—Ç–æ—Ä–∞ –ë–æ–ª–¥—ã—Ä–µ–≤–∞,https://yandex.ru/maps/org/meditsinskiy_tsentr_doktora_boldyreva/112675622896/reviews,"–ü—Ä–µ–∫—Ä–∞—Å–Ω–µ–π—à–∏–π –¥–æ–∫—Ç–æ—Ä! –°–ø–µ—Ü–∏–∞–ª–∏—Å—Ç –∫–∞–∫–∏—Ö –ø–æ–∏—Å–∫–∞—Ç—å –µ—â—ë! –ó–∞ –ø–æ–ª—Ç–æ—Ä–∞ –≥–æ–¥–∞ –ª–µ—á–µ–Ω–∏—è —Å—ã–Ω–∞ –¥–æ–±–∏–ª–∏—Å—å –±–æ–ª—å—à–∏—Ö —É—Å–ø–µ—Ö–æ–≤. –í–ª–∞–¥–∏–º–∏—Ä –ì–µ–Ω–Ω–∞–¥—å–µ–≤–∏—á –≤–Ω–∏–º–∞—Ç–µ–ª—å–Ω—ã–π, –≤—Å–µ –ø–æ—è—Å–Ω—è–µ—Ç –∫–∞–∫ –∏ –ø–æ—á–µ–º—É, –æ—Ç–≤–µ—Ç–∏—Ç –Ω–∞ —Ç—ã—Å—è—á—É –∏ –æ–¥–∏–Ω –≤–æ–ø—Ä–æ—Å —á—ë—Ç–∫–æ, –ø–æ–Ω—è—Ç–Ω–æ –±–µ–∑ —Å–ø–µ—à–∫–∏. –ü—Ä–æ—Å—Ç–æ –ø—Ä–∏—è—Ç–Ω—ã–π —á–µ–ª–æ–≤–µ–∫ –∏ –æ–±—â–∏–π —è–∑—ã–∫ —Å —Å—ã–Ω–æ–º –Ω–∞—Ö–æ–¥–∏—Ç –æ—á–µ–Ω—å –±—ã—Å—Ç—Ä–æ. –†–µ–∫–æ–º–µ–Ω–¥—É–µ–º —ç—Ç—É –∫–ª–∏–Ω–∏–∫—É –∏ –∂–µ–ª–∞–µ–º –¥–æ–∫—Ç–æ—Ä—É –∑–¥–æ—Ä–æ–≤—å—è, —É–¥–∞—á–∏ –∏ –ø—Ä–æ—Ü–≤–µ—Ç–∞–Ω–∏—è!üôè",5.0
–ú–µ–¥–∏—Ü–∏–Ω—Å–∫–∏–π —Ü–µ–Ω—Ç—Ä –¥–æ–∫—Ç–æ—Ä–∞ –ë–æ–ª–¥—ã—Ä–µ–≤–∞,https://yandex.ru/maps/org/meditsinskiy_tsentr_doktora_boldyreva/112675622896/reviews,"–û—á–µ–Ω—å –≥—Ä–∞–º–æ—Ç–Ω—ã–µ –Ω–µ–≤—Ä–æ–ª–æ–≥–∏, –≥—Ä–∞–º–æ—Ç–Ω–æ —Ä–∞–±–æ—Ç–∞—é—Ç —Å —Å–æ—Å—É–¥–∏—Å—Ç—ã–º–∏ –ø–∞—Ç–æ–ª–æ–≥–∏—è–º–∏ –ì–ú",5.0
–ú–µ–¥–∏—Ü–∏–Ω—Å–∫–∏–π —Ü–µ–Ω—Ç—Ä –¥–æ–∫—Ç–æ—Ä–∞ –ë–æ–ª–¥—ã—Ä–µ–≤–∞,https://yandex.ru/maps/org/meditsinskiy_tsentr_doktora_boldyreva/112675622896/reviews,–ü—Ä–µ–∫—Ä–∞—Å–Ω—ã–π —Ü–µ–Ω—Ç—Ä. –¢—Ä–∏ –≥–æ–¥–∞ —Å –¥–æ–∫—Ç–æ—Ä–æ–º. –†–µ–∑—É–ª—å—Ç–∞—Ç—ãüëç,5.0
–ú–µ–¥–∏—Ü–∏–Ω—Å–∫–∏–π —Ü–µ–Ω—Ç—Ä –¥–æ–∫—Ç–æ—Ä–∞ –ë–æ–ª–¥—ã—Ä–µ–≤–∞,https://yandex.ru/maps/org/meditsinskiy_tsentr_doktora_boldyreva/112675622896/reviews,"–û—á–µ–Ω—å —Ä–µ–∫–æ–º–µ–Ω–¥—É—é –¥–æ–∫—Ç–æ—Ä–∞ –ë–æ–ª–¥—ã—Ä–µ–≤–∞. –ü–æ—Å–ª–µ –Ω–∞–∑–Ω–∞—á–µ–Ω–Ω–æ–≥–æ –ª–µ—á–µ–Ω–∏—è —É —Ä–µ–±–µ–Ω–∫–∞ —è–≤–Ω—ã–µ —É–ª—É—á—à–µ–Ω–∏—è. –õ–µ—á–µ–Ω–∏–µ –º—ã –ø—Ä–æ–¥–æ–ª–∂–∞–µ–º, —É–≤–µ—Ä–µ–Ω–∞ –±—É–¥–µ—Ç –æ—Ç–ª–∏—á–Ω—ã–π –∏—Ç–æ–≥–æ–≤—ã–π —Ä–µ–∑—É–ª—å—Ç–∞—Ç. –°–∞–º –¥–æ–∫—Ç–æ—Ä –æ—á–µ–Ω—å –≤–Ω–∏–º–∞—Ç–µ–ª—å–Ω—ã–π, –º–Ω–æ–≥–æ –≤—Ä–µ–º–µ–Ω–∏ —É–¥–µ–ª—è–µ—Ç –ø–∞—Ü–∏–µ–Ω—Ç—É –Ω–∞ –ø—Ä–∏–µ–º–µ, –¥–∞–∂–µ –µ—Å–ª–∏ –º–∞–º–∞ –∑–∞–¥–∞–µ—Ç –∫—É—á—É –≤–æ–ø—Ä–æ—Å–æ–≤, —Ç–µ—Ä–ø–µ–ª–∏–≤–æ –æ—Ç–≤–µ—á–∞–µ—Ç. –¶–µ–Ω–∞ –ø—Ä–∏–µ–º–∞ –Ω–µ –º–∞–ª–µ–Ω—å–∫–∞—è, –Ω–æ —Ä–µ–∑—É–ª—å—Ç–∞—Ç —Ç–æ–≥–æ —Å—Ç–æ–∏—Ç. –†–µ–∫–æ–º–µ–Ω–¥—É—é!",5.0
–ú–µ–¥–∏—Ü–∏–Ω—Å–∫–∏–π —Ü–µ–Ω—Ç—Ä –¥–æ–∫—Ç–æ—Ä–∞ –ë–æ–ª–¥—ã—Ä–µ–≤–∞,https://yandex.ru/maps/org/meditsinskiy_tsentr_doktora_boldyreva/112675622896/reviews,"–ó–∞–º–µ—á–∞—Ç–µ–ª—å–Ω—ã–π –Ω–µ–≤—Ä–æ–ª–æ–≥, –¥–æ–ª–≥–æ –∏—Å–∫–∞–ª–∏ —Ö–æ—Ä–æ—à–µ–≥–æ –≤—Ä–∞—á–∞, –Ω–∞–±–ª—é–¥–∞–µ–º —Å —Å—ã–Ω–æ–º —É–∂–µ –ø–æ—á—Ç–∏ 2 –≥–æ–¥–∞. –ü–æ–ª—É—á–∏–ª–∏ —Ö–æ—Ä–æ—à–∏–µ —Ä–µ–∑—É–ª—å—Ç–∞—Ç—ã",5.0
–ú–µ–¥–∏—Ü–∏–Ω—Å–∫–∏–π —Ü–µ–Ω—Ç—Ä –¥–æ–∫—Ç–æ—Ä–∞ –ë–æ–ª–¥—ã—Ä–µ–≤–∞,https://yandex.ru/maps/org/meditsinskiy_tsentr_doktora_boldyreva/112675622896/reviews,"–ó–∞–º–µ—á–∞—Ç–µ–ª—å–Ω—ã–π –¥–æ–∫—Ç–æ—Ä, —Ç–∞–∫–∏—Ö –Ω–∞–≤–µ—Ä–Ω–æ–µ –µ–¥–∏–Ω–∏—Ü—ã, –Ω–∞ –Ω–∞—à–µ–º –ø—É—Ç–∏ –ø–µ—Ä–≤—ã–π. –ù–∞–∑–Ω–∞—á–µ–Ω–∏—è –¥–µ–ª–∞—é—Ç—Å—è –Ω–∞ –æ—Å–Ω–æ–≤–∞–Ω–∏–∏ –∏–∑–º–µ–Ω–µ–Ω–∏–π –≤ –≥–æ–ª–æ–≤–Ω–æ–º –º–æ–∑–≥–µ, –∞ –Ω–µ –∫–∞–∫ –æ–±—ã—á–Ω–æ ""–¥–∞–≤–∞–π—Ç–µ –ø–æ–ø—Ä–æ–±—É–µ–º —ç—Ç–æ""....",5.0
–ú–µ–¥–∏—Ü–∏–Ω—Å–∫–∏–π —Ü–µ–Ω—Ç—Ä –¥–æ–∫—Ç–æ—Ä–∞ –ë–æ–ª–¥—ã—Ä–µ–≤–∞,https://yandex.ru/maps/org/meditsinskiy_tsentr_doktora_boldyreva/112675622896/reviews,"–ó–∞–º–µ—á–∞—Ç–µ–ª—å–Ω—ã–π –¥–æ–∫—Ç–æ—Ä,–Ω–∞–±–ª—é–¥–∞–µ–º—Å—è —Å –¥–æ—á–µ—Ä–µ—é –Ω–µ –ø–µ—Ä–≤—ã–π –≥–æ–¥,–Ω–∏–∑–∫–∏–π –ø–æ–∫–ª–æ–Ω –∑–∞ –ø—Ä–æ—Ñ–µ—Å—Å–∏–æ–Ω–∞–ª–∏–∑–º.",5.0
–ú–µ–¥–∏—Ü–∏–Ω—Å–∫–∏–π —Ü–µ–Ω—Ç—Ä –¥–æ–∫—Ç–æ—Ä–∞ –ë–æ–ª–¥—ã—Ä–µ–≤–∞,https://yandex.ru/maps/org/meditsinskiy_tsentr_doktora_boldyreva/112675622896/reviews,–û—Ç–ª–∏—á–Ω–∞—è –∫–ª–∏–Ω–∏–∫–∞,5.0
–ú–µ–¥–∏—Ü–∏–Ω—Å–∫–∏–π —Ü–µ–Ω—Ç—Ä –¥–æ–∫—Ç–æ—Ä–∞ –ë–æ–ª–¥—ã—Ä–µ–≤–∞,https://yandex.ru/maps/org/meditsinskiy_tsentr_doktora_boldyreva/112675622896/reviews,–•–æ—Ä–æ—à–∏–µ –≤—Ä–∞—á–∏,5.0
–ú–µ–¥–∏—Ü–∏–Ω—Å–∫–∏–π —Ü–µ–Ω—Ç—Ä –¥–æ–∫—Ç–æ—Ä–∞ –ë–æ–ª–¥—ã—Ä–µ–≤–∞,https://yandex.ru/maps/org/meditsinskiy_tsentr_doktora_boldyreva/112675622896/reviews,"–ü–æ—Ç—Ä—è—Å–∞—é—â–∏–π —Å–ø–µ—Ü–∏–∞–ª–∏—Å—Ç, –∫–æ—Ç–æ—Ä—ã–π –¥–µ–π—Å—Ç–≤–∏—Ç–µ–ª—å–Ω–æ –ø–æ–º–æ–≥–∞–µ—Ç –ª—é–¥—è–º!!!!!!!!!!!!",5.0
–ú–µ–¥–∏—Ü–∏–Ω—Å–∫–∏–π —Ü–µ–Ω—Ç—Ä –¥–æ–∫—Ç–æ—Ä–∞ –ë–æ–ª–¥—ã—Ä–µ–≤–∞,https://yandex.ru/maps/org/meditsinskiy_tsentr_doktora_boldyreva/112675622896/reviews,"–°–º—É—â–∞–µ—Ç, —á—Ç–æ –ª–µ—á–µ–Ω–∏–µ –¥–µ—Ç—è–º —Å –Ω–µ–≤—Ä–æ–ª–æ–≥–∏–µ–π –ø—Ä–æ–ø–∏—Å—ã–≤–∞–µ—Ç –æ–¥–∏–Ω–∞–∫–æ–≤–æ–µ. –î–∏–∞–∫–∞—Ä–±, –ê—Å–ø–∞—Ä–∫–∞–º, –¥–∏–±–∞–∑–æ–ª. –°—Ä–∞–≤–Ω–∏–≤–∞–ª–∏ –≤—ã–ø–∏—Å–∫–∏ —Å –¥—Ä—É–≥–∏–º–∏ —Ä–æ–¥–∏—Ç–µ–ª—è–º–∏.",3.0
–ú–µ–¥–∏—Ü–∏–Ω—Å–∫–∏–π —Ü–µ–Ω—Ç—Ä –¥–æ–∫—Ç–æ—Ä–∞ –ë–æ–ª–¥—ã—Ä–µ–≤–∞,https://yandex.ru/maps/org/meditsinskiy_tsentr_doktora_boldyreva/112675622896/reviews,–°–ø–∞—Å–∏–±–æ –∑–∞ –ø–æ–º–æ—â—å!,5.0
–ú–µ–¥–∏—Ü–∏–Ω—Å–∫–∏–π —Ü–µ–Ω—Ç—Ä –¥–æ–∫—Ç–æ—Ä–∞ –ë–æ–ª–¥—ã—Ä–µ–≤–∞,https://yandex.ru/maps/org/meditsinskiy_tsentr_doktora_boldyreva/112675622896/reviews,–°–ø–∞—Å–∏–±–æ –∏ –Ω–∏–∑–∫–∏–π –ø–æ–∫–ª–æ–Ω –¥–æ–∫—Ç–æ—Ä—É!!!!!!,5.0
–ú–µ–¥–∏—Ü–∏–Ω—Å–∫–∏–π —Ü–µ–Ω—Ç—Ä –¥–æ–∫—Ç–æ—Ä–∞ –ë–æ–ª–¥—ã—Ä–µ–≤–∞,https://yandex.ru/maps/org/meditsinskiy_tsentr_doktora_boldyreva/112675622896/reviews,–í—Å–µ —Å—É–ø–µ—Ä! ü§ùüèº,5.0
–ú–µ–¥–∏—Ü–∏–Ω—Å–∫–∏–π —Ü–µ–Ω—Ç—Ä –¥–æ–∫—Ç–æ—Ä–∞ –ë–æ–ª–¥—ã—Ä–µ–≤–∞,https://yandex.ru/maps/org/meditsinskiy_tsentr_doktora_boldyreva/112675622896/reviews,–æ—Ç–ª–∏—á–Ω–∞—è –∫–ª–∏–Ω–∏–∫–∞,5.0
